AssociationId,BranchId,CityId,SectorId,Is_Active,Is_Deleted,CreatedDate,CreatedBy,ModifiedDate,ModifiedBy,CompanyId
8356,3192,3192,681,1,0,9/13/2024,,,,544
8357,3192,3192,682,1,0,9/13/2024,,,,544
8358,3192,3192,683,1,0,9/13/2024,,,,544
8359,3192,3192,684,1,0,9/13/2024,,,,544
8360,3192,3192,685,1,0,9/13/2024,,,,544
8361,3192,3192,686,1,0,9/13/2024,,,,544
8362,3192,3192,687,1,0,9/13/2024,,,,544
8363,3192,3192,688,1,0,9/13/2024,,,,544
8364,3192,3192,689,1,0,9/13/2024,,,,544
8365,3192,3192,690,1,0,9/13/2024,,,,544
8366,3192,3192,691,1,0,9/13/2024,,,,544
8367,3192,3192,692,1,0,9/13/2024,,,,544
8368,3192,3192,693,1,0,9/13/2024,,,,544
8369,3192,3192,694,1,0,9/13/2024,,,,544
8370,3192,3192,695,1,0,9/13/2024,,,,544
8371,3192,3192,696,1,0,9/13/2024,,,,544
8372,3192,3192,697,1,0,9/13/2024,,,,544
8373,3192,3192,698,1,0,9/13/2024,,,,544
8374,3192,3192,699,1,0,9/13/2024,,,,544
8375,3192,3192,700,1,0,9/13/2024,,,,544
8376,3192,3192,701,1,0,9/13/2024,,,,544
8377,3192,3192,702,1,0,9/13/2024,,,,544
8378,3192,3192,703,1,0,9/13/2024,,,,544
8379,3192,3192,704,1,0,9/13/2024,,,,544
8380,3192,3192,705,1,0,9/13/2024,,,,544
8381,3192,3192,706,1,0,9/13/2024,,,,544
8382,3192,3192,707,1,0,9/13/2024,,,,544
8383,3192,3192,708,1,0,9/13/2024,,,,544
8384,3192,3192,709,1,0,9/13/2024,,,,544
8385,3192,3192,710,1,0,9/13/2024,,,,544
8386,3192,3192,721,1,0,9/13/2024,,,,544
8387,3192,3192,729,1,0,9/13/2024,,,,544
8388,3192,3192,738,1,0,9/13/2024,,,,544
8389,3192,3192,747,1,0,9/13/2024,,,,544
8390,3192,3192,751,1,0,9/13/2024,,,,544
8391,3192,3192,756,1,0,9/13/2024,,,,544
8392,3192,3192,767,1,0,9/13/2024,,,,544
8393,3192,3192,772,1,0,9/13/2024,,,,544
8394,3192,3192,781,1,0,9/13/2024,,,,544
8395,3192,3192,783,1,0,9/13/2024,,,,544
8396,3192,3192,797,1,0,9/13/2024,,,,544
8397,3192,3192,806,1,0,9/13/2024,,,,544
8398,3192,3192,839,1,0,9/13/2024,,,,544
8399,3192,3192,852,1,0,9/13/2024,,,,544
8400,3192,3192,868,1,0,9/13/2024,,,,544
8401,3192,3192,875,1,0,9/13/2024,,,,544
8402,3192,3192,949,1,0,9/13/2024,,,,544
8403,3192,3192,960,1,0,9/13/2024,,,,544
8404,3192,3192,961,1,0,9/13/2024,,,,544
8405,3192,3192,968,1,0,9/13/2024,,,,544
8406,3192,3192,1032,1,0,9/13/2024,,,,544
8407,3192,3192,1034,1,0,9/13/2024,,,,544
8408,3192,3192,1038,1,0,9/13/2024,,,,544
8409,3192,3192,1039,1,0,9/13/2024,,,,544
8410,3192,3192,1042,1,0,9/13/2024,,,,544
8411,3192,3192,1048,1,0,9/13/2024,,,,544
8412,3192,3192,1057,1,0,9/13/2024,,,,544
8413,3192,3192,1061,1,0,9/13/2024,,,,544
8414,3192,3193,681,1,0,9/13/2024,,,,544
8415,3192,3193,682,1,0,9/13/2024,,,,544
8416,3192,3193,683,1,0,9/13/2024,,,,544
8417,3192,3193,684,1,0,9/13/2024,,,,544
8418,3192,3193,685,1,0,9/13/2024,,,,544
8419,3192,3193,686,1,0,9/13/2024,,,,544
8420,3192,3193,687,1,0,9/13/2024,,,,544
8421,3192,3193,688,1,0,9/13/2024,,,,544
8422,3192,3193,689,1,0,9/13/2024,,,,544
8423,3192,3193,690,1,0,9/13/2024,,,,544
8424,3192,3193,691,1,0,9/13/2024,,,,544
8425,3192,3193,692,1,0,9/13/2024,,,,544
8426,3192,3193,693,1,0,9/13/2024,,,,544
8427,3192,3193,694,1,0,9/13/2024,,,,544
8428,3192,3193,695,1,0,9/13/2024,,,,544
8429,3192,3193,696,1,0,9/13/2024,,,,544
8430,3192,3193,697,1,0,9/13/2024,,,,544
8431,3192,3193,698,1,0,9/13/2024,,,,544
8432,3192,3193,699,1,0,9/13/2024,,,,544
8433,3192,3193,700,1,0,9/13/2024,,,,544
8434,3192,3193,701,1,0,9/13/2024,,,,544
8435,3192,3193,702,1,0,9/13/2024,,,,544
8436,3192,3193,703,1,0,9/13/2024,,,,544
8437,3192,3193,704,1,0,9/13/2024,,,,544
8438,3192,3193,705,1,0,9/13/2024,,,,544
8439,3192,3193,706,1,0,9/13/2024,,,,544
8440,3192,3193,707,1,0,9/13/2024,,,,544
8441,3192,3193,709,1,0,9/13/2024,,,,544
8442,3192,3193,710,1,0,9/13/2024,,,,544
8443,3192,3193,711,1,0,9/13/2024,,,,544
8444,3192,3193,746,1,0,9/13/2024,,,,544
8445,3192,3193,787,1,0,9/13/2024,,,,544
8446,3192,3193,847,1,0,9/13/2024,,,,544
8447,3192,3193,861,1,0,9/13/2024,,,,544
8448,3192,3193,864,1,0,9/13/2024,,,,544
8449,3192,3193,869,1,0,9/13/2024,,,,544
8450,3192,3193,881,1,0,9/13/2024,,,,544
8451,3192,3193,885,1,0,9/13/2024,,,,544
8452,3192,3193,894,1,0,9/13/2024,,,,544
8453,3192,3193,897,1,0,9/13/2024,,,,544
8454,3192,3193,901,1,0,9/13/2024,,,,544
8455,3192,3193,902,1,0,9/13/2024,,,,544
8456,3192,3193,905,1,0,9/13/2024,,,,544
8457,3192,3193,913,1,0,9/13/2024,,,,544
8458,3192,3193,919,1,0,9/13/2024,,,,544
8459,3192,3193,924,1,0,9/13/2024,,,,544
8460,3192,3193,929,1,0,9/13/2024,,,,544
8461,3192,3193,935,1,0,9/13/2024,,,,544
8462,3192,3193,940,1,0,9/13/2024,,,,544
8463,3192,3193,944,1,0,9/13/2024,,,,544
8464,3192,3193,946,1,0,9/13/2024,,,,544
8465,3192,3193,962,1,0,9/13/2024,,,,544
8466,3192,3193,965,1,0,9/13/2024,,,,544
8467,3192,3193,974,1,0,9/13/2024,,,,544
8468,3192,3193,1008,1,0,9/13/2024,,,,544
8469,3192,3193,1022,1,0,9/13/2024,,,,544
8470,3192,3193,1026,1,0,9/13/2024,,,,544
8471,3192,3193,1028,1,0,9/13/2024,,,,544
8472,3192,3193,1046,1,0,9/13/2024,,,,544
8473,3192,3193,1052,1,0,9/13/2024,,,,544
8474,3193,3194,681,1,0,9/13/2024,,,,544
8475,3193,3194,682,1,0,9/13/2024,,,,544
8476,3193,3194,683,1,0,9/13/2024,,,,544
8477,3193,3194,684,1,0,9/13/2024,,,,544
8478,3193,3194,685,1,0,9/13/2024,,,,544
8479,3193,3194,686,1,0,9/13/2024,,,,544
8480,3193,3194,687,1,0,9/13/2024,,,,544
8481,3193,3194,688,1,0,9/13/2024,,,,544
8482,3193,3194,689,1,0,9/13/2024,,,,544
8483,3193,3194,690,1,0,9/13/2024,,,,544
8484,3193,3194,691,1,0,9/13/2024,,,,544
8485,3193,3194,692,1,0,9/13/2024,,,,544
8486,3193,3194,693,1,0,9/13/2024,,,,544
8487,3193,3194,694,1,0,9/13/2024,,,,544
8488,3193,3194,695,1,0,9/13/2024,,,,544
8489,3193,3194,859,1,0,9/13/2024,,,,544
8490,3193,3195,681,1,0,9/13/2024,,,,544
8491,3193,3195,682,1,0,9/13/2024,,,,544
8492,3193,3195,683,1,0,9/13/2024,,,,544
8493,3193,3195,684,1,0,9/13/2024,,,,544
8494,3193,3195,685,1,0,9/13/2024,,,,544
8495,3193,3195,686,1,0,9/13/2024,,,,544
8496,3193,3195,687,1,0,9/13/2024,,,,544
8497,3193,3195,688,1,0,9/13/2024,,,,544
8498,3193,3195,689,1,0,9/13/2024,,,,544
8499,3193,3195,690,1,0,9/13/2024,,,,544
8500,3193,3195,691,1,0,9/13/2024,,,,544
8501,3193,3195,692,1,0,9/13/2024,,,,544
8502,3193,3195,693,1,0,9/13/2024,,,,544
8503,3193,3195,694,1,0,9/13/2024,,,,544
8504,3193,3195,695,1,0,9/13/2024,,,,544
8505,3193,3195,933,1,0,9/13/2024,,,,544
8506,3193,3195,1004,1,0,9/13/2024,,,,544
8507,3193,3196,681,1,0,9/13/2024,,,,544
8508,3193,3196,682,1,0,9/13/2024,,,,544
8509,3193,3196,683,1,0,9/13/2024,,,,544
8510,3193,3196,684,1,0,9/13/2024,,,,544
8511,3193,3196,685,1,0,9/13/2024,,,,544
8512,3193,3196,686,1,0,9/13/2024,,,,544
8513,3193,3196,687,1,0,9/13/2024,,,,544
8514,3193,3196,688,1,0,9/13/2024,,,,544
8515,3193,3196,689,1,0,9/13/2024,,,,544
8516,3193,3196,690,1,0,9/13/2024,,,,544
8517,3193,3196,691,1,0,9/13/2024,,,,544
8518,3193,3196,692,1,0,9/13/2024,,,,544
8519,3193,3196,693,1,0,9/13/2024,,,,544
8520,3193,3196,694,1,0,9/13/2024,,,,544
8521,3193,3196,695,1,0,9/13/2024,,,,544
8522,3193,3196,696,1,0,9/13/2024,,,,544
8523,3193,3196,697,1,0,9/13/2024,,,,544
8524,3193,3196,698,1,0,9/13/2024,,,,544
8525,3193,3196,699,1,0,9/13/2024,,,,544
8526,3193,3196,700,1,0,9/13/2024,,,,544
8527,3193,3196,701,1,0,9/13/2024,,,,544
8528,3193,3196,702,1,0,9/13/2024,,,,544
8529,3193,3196,703,1,0,9/13/2024,,,,544
8530,3193,3196,704,1,0,9/13/2024,,,,544
8531,3193,3196,706,1,0,9/13/2024,,,,544
8532,3193,3196,707,1,0,9/13/2024,,,,544
8533,3193,3196,708,1,0,9/13/2024,,,,544
8534,3193,3196,709,1,0,9/13/2024,,,,544
8535,3193,3196,710,1,0,9/13/2024,,,,544
8536,3193,3196,711,1,0,9/13/2024,,,,544
8537,3193,3196,721,1,0,9/13/2024,,,,544
8538,3193,3196,723,1,0,9/13/2024,,,,544
8539,3193,3196,728,1,0,9/13/2024,,,,544
8540,3193,3196,734,1,0,9/13/2024,,,,544
8541,3193,3196,750,1,0,9/13/2024,,,,544
8542,3193,3196,763,1,0,9/13/2024,,,,544
8543,3193,3196,769,1,0,9/13/2024,,,,544
8544,3193,3196,775,1,0,9/13/2024,,,,544
8545,3193,3196,782,1,0,9/13/2024,,,,544
8546,3193,3196,786,1,0,9/13/2024,,,,544
8547,3193,3196,791,1,0,9/13/2024,,,,544
8548,3193,3196,795,1,0,9/13/2024,,,,544
8549,3193,3196,804,1,0,9/13/2024,,,,544
8550,3193,3196,819,1,0,9/13/2024,,,,544
8551,3193,3196,848,1,0,9/13/2024,,,,544
8552,3193,3196,870,1,0,9/13/2024,,,,544
8553,3193,3196,880,1,0,9/13/2024,,,,544
8554,3193,3196,884,1,0,9/13/2024,,,,544
8555,3193,3196,891,1,0,9/13/2024,,,,544
8556,3193,3196,911,1,0,9/13/2024,,,,544
8557,3193,3196,918,1,0,9/13/2024,,,,544
8558,3193,3196,931,1,0,9/13/2024,,,,544
8559,3193,3196,1063,1,0,9/13/2024,,,,544
8560,3193,3197,681,1,0,9/13/2024,,,,544
8561,3193,3197,682,1,0,9/13/2024,,,,544
8562,3193,3197,683,1,0,9/13/2024,,,,544
8563,3193,3197,684,1,0,9/13/2024,,,,544
8564,3193,3197,685,1,0,9/13/2024,,,,544
8565,3193,3197,686,1,0,9/13/2024,,,,544
8566,3193,3197,687,1,0,9/13/2024,,,,544
8567,3193,3197,688,1,0,9/13/2024,,,,544
8568,3193,3197,689,1,0,9/13/2024,,,,544
8569,3193,3197,690,1,0,9/13/2024,,,,544
8570,3193,3197,691,1,0,9/13/2024,,,,544
8571,3193,3197,692,1,0,9/13/2024,,,,544
8572,3193,3197,693,1,0,9/13/2024,,,,544
8573,3193,3197,694,1,0,9/13/2024,,,,544
8574,3193,3197,695,1,0,9/13/2024,,,,544
8575,3193,3197,696,1,0,9/13/2024,,,,544
8576,3193,3197,697,1,0,9/13/2024,,,,544
8577,3193,3197,698,1,0,9/13/2024,,,,544
8578,3193,3197,699,1,0,9/13/2024,,,,544
8579,3193,3197,700,1,0,9/13/2024,,,,544
8580,3193,3197,701,1,0,9/13/2024,,,,544
8581,3193,3197,702,1,0,9/13/2024,,,,544
8582,3193,3197,703,1,0,9/13/2024,,,,544
8583,3193,3197,704,1,0,9/13/2024,,,,544
8584,3193,3197,705,1,0,9/13/2024,,,,544
8585,3193,3197,706,1,0,9/13/2024,,,,544
8586,3193,3197,707,1,0,9/13/2024,,,,544
8587,3193,3197,708,1,0,9/13/2024,,,,544
8588,3193,3197,709,1,0,9/13/2024,,,,544
8589,3193,3197,710,1,0,9/13/2024,,,,544
8590,3193,3197,711,1,0,9/13/2024,,,,544
8591,3193,3197,712,1,0,9/13/2024,,,,544
8592,3193,3197,721,1,0,9/13/2024,,,,544
8593,3193,3197,900,1,0,9/13/2024,,,,544
8594,3193,3197,915,1,0,9/13/2024,,,,544
8595,3194,3198,681,1,0,9/13/2024,,,,544
8596,3194,3198,682,1,0,9/13/2024,,,,544
8597,3194,3198,683,1,0,9/13/2024,,,,544
8598,3194,3198,684,1,0,9/13/2024,,,,544
8599,3194,3198,685,1,0,9/13/2024,,,,544
8600,3194,3198,686,1,0,9/13/2024,,,,544
8601,3194,3198,687,1,0,9/13/2024,,,,544
8602,3194,3198,688,1,0,9/13/2024,,,,544
8603,3194,3198,689,1,0,9/13/2024,,,,544
8604,3194,3198,690,1,0,9/13/2024,,,,544
8605,3194,3198,691,1,0,9/13/2024,,,,544
8606,3194,3198,692,1,0,9/13/2024,,,,544
8607,3194,3198,693,1,0,9/13/2024,,,,544
8608,3194,3198,694,1,0,9/13/2024,,,,544
8609,3194,3198,695,1,0,9/13/2024,,,,544
8610,3194,3198,697,1,0,9/13/2024,,,,544
8611,3194,3198,701,1,0,9/13/2024,,,,544
8612,3194,3199,681,1,0,9/13/2024,,,,544
8613,3194,3199,682,1,0,9/13/2024,,,,544
8614,3194,3199,683,1,0,9/13/2024,,,,544
8615,3194,3199,684,1,0,9/13/2024,,,,544
8616,3194,3199,685,1,0,9/13/2024,,,,544
8617,3194,3199,686,1,0,9/13/2024,,,,544
8618,3194,3199,687,1,0,9/13/2024,,,,544
8619,3194,3199,688,1,0,9/13/2024,,,,544
8620,3194,3199,689,1,0,9/13/2024,,,,544
8621,3194,3199,690,1,0,9/13/2024,,,,544
8622,3194,3199,691,1,0,9/13/2024,,,,544
8623,3194,3199,692,1,0,9/13/2024,,,,544
8624,3194,3199,693,1,0,9/13/2024,,,,544
8625,3194,3199,694,1,0,9/13/2024,,,,544
8626,3194,3199,695,1,0,9/13/2024,,,,544
8627,3194,3199,696,1,0,9/13/2024,,,,544
8628,3194,3199,697,1,0,9/13/2024,,,,544
8629,3194,3199,698,1,0,9/13/2024,,,,544
8630,3194,3199,699,1,0,9/13/2024,,,,544
8631,3194,3199,700,1,0,9/13/2024,,,,544
8632,3194,3199,987,1,0,9/13/2024,,,,544
8633,3194,3200,681,1,0,9/13/2024,,,,544
8634,3194,3200,682,1,0,9/13/2024,,,,544
8635,3194,3200,683,1,0,9/13/2024,,,,544
8636,3194,3200,684,1,0,9/13/2024,,,,544
8637,3194,3200,685,1,0,9/13/2024,,,,544
8638,3194,3200,686,1,0,9/13/2024,,,,544
8639,3194,3200,687,1,0,9/13/2024,,,,544
8640,3194,3200,688,1,0,9/13/2024,,,,544
8641,3194,3200,689,1,0,9/13/2024,,,,544
8642,3194,3200,690,1,0,9/13/2024,,,,544
8643,3194,3200,691,1,0,9/13/2024,,,,544
8644,3194,3200,692,1,0,9/13/2024,,,,544
8645,3194,3200,693,1,0,9/13/2024,,,,544
8646,3194,3200,694,1,0,9/13/2024,,,,544
8647,3194,3200,695,1,0,9/13/2024,,,,544
8648,3194,3200,696,1,0,9/13/2024,,,,544
8649,3194,3200,697,1,0,9/13/2024,,,,544
8650,3194,3200,698,1,0,9/13/2024,,,,544
8651,3194,3200,699,1,0,9/13/2024,,,,544
8652,3194,3200,700,1,0,9/13/2024,,,,544
8653,3194,3200,701,1,0,9/13/2024,,,,544
8654,3194,3200,702,1,0,9/13/2024,,,,544
8655,3194,3200,703,1,0,9/13/2024,,,,544
8656,3194,3200,704,1,0,9/13/2024,,,,544
8657,3194,3200,705,1,0,9/13/2024,,,,544
8658,3194,3200,706,1,0,9/13/2024,,,,544
8659,3194,3200,707,1,0,9/13/2024,,,,544
8660,3194,3200,708,1,0,9/13/2024,,,,544
8661,3194,3200,709,1,0,9/13/2024,,,,544
8662,3194,3200,710,1,0,9/13/2024,,,,544
8663,3194,3200,711,1,0,9/13/2024,,,,544
8664,3194,3200,721,1,0,9/13/2024,,,,544
8665,3194,3200,878,1,0,9/13/2024,,,,544
8666,3194,3200,903,1,0,9/13/2024,,,,544
8667,3194,3200,1000,1,0,9/13/2024,,,,544
8668,3194,3200,1010,1,0,9/13/2024,,,,544
8669,3194,3200,1011,1,0,9/13/2024,,,,544
8670,3194,3200,1012,1,0,9/13/2024,,,,544
8671,3194,3200,1013,1,0,9/13/2024,,,,544
8672,3194,3200,1014,1,0,9/13/2024,,,,544
8673,3194,3200,1015,1,0,9/13/2024,,,,544
8674,3194,3200,1016,1,0,9/13/2024,,,,544
8675,3194,3200,1017,1,0,9/13/2024,,,,544
8676,3194,3200,1018,1,0,9/13/2024,,,,544
8677,3194,3200,1019,1,0,9/13/2024,,,,544
8678,3194,3200,1020,1,0,9/13/2024,,,,544
8679,3194,3200,1021,1,0,9/13/2024,,,,544
8680,3194,3200,1023,1,0,9/13/2024,,,,544
8681,3194,3200,1024,1,0,9/13/2024,,,,544
8682,3194,3200,1027,1,0,9/13/2024,,,,544
8683,3194,3200,1030,1,0,9/13/2024,,,,544
8684,3194,3200,1031,1,0,9/13/2024,,,,544
8685,3194,3200,1035,1,0,9/13/2024,,,,544
8686,3194,3200,1037,1,0,9/13/2024,,,,544
8687,3194,3200,1040,1,0,9/13/2024,,,,544
8688,3194,3200,1041,1,0,9/13/2024,,,,544
8689,3194,3200,1043,1,0,9/13/2024,,,,544
8690,3194,3200,1044,1,0,9/13/2024,,,,544
8691,3194,3200,1045,1,0,9/13/2024,,,,544
8692,3194,3200,1047,1,0,9/13/2024,,,,544
8693,3194,3200,1049,1,0,9/13/2024,,,,544
8694,3194,3200,1050,1,0,9/13/2024,,,,544
8695,3194,3200,1051,1,0,9/13/2024,,,,544
8696,3194,3200,1053,1,0,9/13/2024,,,,544
8697,3194,3200,1054,1,0,9/13/2024,,,,544
8698,3194,3200,1055,1,0,9/13/2024,,,,544
8699,3194,3200,1056,1,0,9/13/2024,,,,544
8700,3194,3200,1058,1,0,9/13/2024,,,,544
8701,3194,3200,1059,1,0,9/13/2024,,,,544
8702,3194,3200,1060,1,0,9/13/2024,,,,544
8703,3195,3201,681,1,0,9/13/2024,,,,544
8704,3195,3201,682,1,0,9/13/2024,,,,544
8705,3195,3201,683,1,0,9/13/2024,,,,544
8706,3195,3201,684,1,0,9/13/2024,,,,544
8707,3195,3201,685,1,0,9/13/2024,,,,544
8708,3195,3201,686,1,0,9/13/2024,,,,544
8709,3195,3201,687,1,0,9/13/2024,,,,544
8710,3195,3201,688,1,0,9/13/2024,,,,544
8711,3195,3201,689,1,0,9/13/2024,,,,544
8712,3195,3201,690,1,0,9/13/2024,,,,544
8713,3195,3201,691,1,0,9/13/2024,,,,544
8714,3195,3201,692,1,0,9/13/2024,,,,544
8715,3195,3201,693,1,0,9/13/2024,,,,544
8716,3195,3201,694,1,0,9/13/2024,,,,544
8717,3195,3201,695,1,0,9/13/2024,,,,544
8718,3195,3201,696,1,0,9/13/2024,,,,544
8719,3195,3201,697,1,0,9/13/2024,,,,544
8720,3195,3201,698,1,0,9/13/2024,,,,544
8721,3195,3201,699,1,0,9/13/2024,,,,544
8722,3195,3201,721,1,0,9/13/2024,,,,544
8723,3195,3202,681,1,0,9/13/2024,,,,544
8724,3195,3202,682,1,0,9/13/2024,,,,544
8725,3195,3202,683,1,0,9/13/2024,,,,544
8726,3195,3202,684,1,0,9/13/2024,,,,544
8727,3195,3202,685,1,0,9/13/2024,,,,544
8728,3195,3202,686,1,0,9/13/2024,,,,544
8729,3195,3202,687,1,0,9/13/2024,,,,544
8730,3195,3202,688,1,0,9/13/2024,,,,544
8731,3195,3202,689,1,0,9/13/2024,,,,544
8732,3195,3202,690,1,0,9/13/2024,,,,544
8733,3195,3202,691,1,0,9/13/2024,,,,544
8734,3195,3202,692,1,0,9/13/2024,,,,544
8735,3195,3202,693,1,0,9/13/2024,,,,544
8736,3195,3202,694,1,0,9/13/2024,,,,544
8737,3195,3202,695,1,0,9/13/2024,,,,544
8738,3195,3202,696,1,0,9/13/2024,,,,544
8739,3195,3202,697,1,0,9/13/2024,,,,544
8740,3195,3202,925,1,0,9/13/2024,,,,544
8741,3195,3203,681,1,0,9/13/2024,,,,544
8742,3195,3203,682,1,0,9/13/2024,,,,544
8743,3195,3203,683,1,0,9/13/2024,,,,544
8744,3195,3203,684,1,0,9/13/2024,,,,544
8745,3195,3203,685,1,0,9/13/2024,,,,544
8746,3195,3203,686,1,0,9/13/2024,,,,544
8747,3195,3203,687,1,0,9/13/2024,,,,544
8748,3195,3203,688,1,0,9/13/2024,,,,544
8749,3195,3203,689,1,0,9/13/2024,,,,544
8750,3195,3203,690,1,0,9/13/2024,,,,544
8751,3195,3203,691,1,0,9/13/2024,,,,544
8752,3195,3203,692,1,0,9/13/2024,,,,544
8753,3195,3203,693,1,0,9/13/2024,,,,544
8754,3195,3203,694,1,0,9/13/2024,,,,544
8755,3195,3203,695,1,0,9/13/2024,,,,544
8756,3195,3203,696,1,0,9/13/2024,,,,544
8757,3195,3203,697,1,0,9/13/2024,,,,544
8758,3195,3203,698,1,0,9/13/2024,,,,544
8759,3195,3203,699,1,0,9/13/2024,,,,544
8760,3195,3203,700,1,0,9/13/2024,,,,544
8761,3195,3203,701,1,0,9/13/2024,,,,544
8762,3195,3203,702,1,0,9/13/2024,,,,544
8763,3195,3203,703,1,0,9/13/2024,,,,544
8764,3195,3203,704,1,0,9/13/2024,,,,544
8765,3195,3203,705,1,0,9/13/2024,,,,544
8766,3195,3203,706,1,0,9/13/2024,,,,544
8767,3195,3203,707,1,0,9/13/2024,,,,544
8768,3195,3203,708,1,0,9/13/2024,,,,544
8769,3195,3203,709,1,0,9/13/2024,,,,544
8770,3195,3203,710,1,0,9/13/2024,,,,544
8771,3195,3203,711,1,0,9/13/2024,,,,544
8772,3195,3203,721,1,0,9/13/2024,,,,544
8773,3195,3203,762,1,0,9/13/2024,,,,544
8774,3195,3204,681,1,0,9/13/2024,,,,544
8775,3195,3204,682,1,0,9/13/2024,,,,544
8776,3195,3204,683,1,0,9/13/2024,,,,544
8777,3195,3204,684,1,0,9/13/2024,,,,544
8778,3195,3204,685,1,0,9/13/2024,,,,544
8779,3195,3204,686,1,0,9/13/2024,,,,544
8780,3195,3204,687,1,0,9/13/2024,,,,544
8781,3195,3204,688,1,0,9/13/2024,,,,544
8782,3195,3204,689,1,0,9/13/2024,,,,544
8783,3195,3204,690,1,0,9/13/2024,,,,544
8784,3195,3204,691,1,0,9/13/2024,,,,544
8785,3195,3204,692,1,0,9/13/2024,,,,544
8786,3195,3204,693,1,0,9/13/2024,,,,544
8787,3195,3204,694,1,0,9/13/2024,,,,544
8788,3195,3204,695,1,0,9/13/2024,,,,544
8789,3195,3204,957,1,0,9/13/2024,,,,544
8790,3195,3205,681,1,0,9/13/2024,,,,544
8791,3195,3205,682,1,0,9/13/2024,,,,544
8792,3195,3205,683,1,0,9/13/2024,,,,544
8793,3195,3205,684,1,0,9/13/2024,,,,544
8794,3195,3205,685,1,0,9/13/2024,,,,544
8795,3195,3205,686,1,0,9/13/2024,,,,544
8796,3195,3205,687,1,0,9/13/2024,,,,544
8797,3195,3205,908,1,0,9/13/2024,,,,544
8798,3196,3206,681,1,0,9/13/2024,,,,544
8799,3196,3206,682,1,0,9/13/2024,,,,544
8800,3196,3206,683,1,0,9/13/2024,,,,544
8801,3196,3206,684,1,0,9/13/2024,,,,544
8802,3196,3206,685,1,0,9/13/2024,,,,544
8803,3196,3206,686,1,0,9/13/2024,,,,544
8804,3196,3206,687,1,0,9/13/2024,,,,544
8805,3196,3206,688,1,0,9/13/2024,,,,544
8806,3196,3206,689,1,0,9/13/2024,,,,544
8807,3196,3206,690,1,0,9/13/2024,,,,544
8808,3196,3206,691,1,0,9/13/2024,,,,544
8809,3196,3206,692,1,0,9/13/2024,,,,544
8810,3196,3206,693,1,0,9/13/2024,,,,544
8811,3196,3206,694,1,0,9/13/2024,,,,544
8812,3196,3206,695,1,0,9/13/2024,,,,544
8813,3196,3206,696,1,0,9/13/2024,,,,544
8814,3196,3206,697,1,0,9/13/2024,,,,544
8815,3196,3207,681,1,0,9/13/2024,,,,544
8816,3196,3207,682,1,0,9/13/2024,,,,544
8817,3196,3207,683,1,0,9/13/2024,,,,544
8818,3196,3207,684,1,0,9/13/2024,,,,544
8819,3196,3207,685,1,0,9/13/2024,,,,544
8820,3196,3207,686,1,0,9/13/2024,,,,544
8821,3196,3207,687,1,0,9/13/2024,,,,544
8822,3196,3207,688,1,0,9/13/2024,,,,544
8823,3196,3207,689,1,0,9/13/2024,,,,544
8824,3196,3207,690,1,0,9/13/2024,,,,544
8825,3196,3207,691,1,0,9/13/2024,,,,544
8826,3196,3207,692,1,0,9/13/2024,,,,544
8827,3196,3207,693,1,0,9/13/2024,,,,544
8828,3196,3207,694,1,0,9/13/2024,,,,544
8829,3196,3207,695,1,0,9/13/2024,,,,544
8830,3196,3207,696,1,0,9/13/2024,,,,544
8831,3196,3207,697,1,0,9/13/2024,,,,544
8832,3196,3207,698,1,0,9/13/2024,,,,544
8833,3196,3207,699,1,0,9/13/2024,,,,544
8834,3196,3207,700,1,0,9/13/2024,,,,544
8835,3196,3207,701,1,0,9/13/2024,,,,544
8836,3196,3207,702,1,0,9/13/2024,,,,544
8837,3196,3207,703,1,0,9/13/2024,,,,544
8838,3196,3207,704,1,0,9/13/2024,,,,544
8839,3196,3207,705,1,0,9/13/2024,,,,544
8840,3196,3207,706,1,0,9/13/2024,,,,544
8841,3196,3207,707,1,0,9/13/2024,,,,544
8842,3196,3207,708,1,0,9/13/2024,,,,544
8843,3196,3207,709,1,0,9/13/2024,,,,544
8844,3196,3207,710,1,0,9/13/2024,,,,544
8845,3196,3207,711,1,0,9/13/2024,,,,544
8846,3196,3207,721,1,0,9/13/2024,,,,544
8847,3196,3207,752,1,0,9/13/2024,,,,544
8848,3196,3208,681,1,0,9/13/2024,,,,544
8849,3196,3208,682,1,0,9/13/2024,,,,544
8850,3196,3208,683,1,0,9/13/2024,,,,544
8851,3196,3208,684,1,0,9/13/2024,,,,544
8852,3196,3208,685,1,0,9/13/2024,,,,544
8853,3196,3208,686,1,0,9/13/2024,,,,544
8854,3196,3208,687,1,0,9/13/2024,,,,544
8855,3196,3208,688,1,0,9/13/2024,,,,544
8856,3196,3208,689,1,0,9/13/2024,,,,544
8857,3196,3208,690,1,0,9/13/2024,,,,544
8858,3196,3208,691,1,0,9/13/2024,,,,544
8859,3196,3208,692,1,0,9/13/2024,,,,544
8860,3196,3208,693,1,0,9/13/2024,,,,544
8861,3196,3209,681,1,0,9/13/2024,,,,544
8862,3196,3209,682,1,0,9/13/2024,,,,544
8863,3196,3209,683,1,0,9/13/2024,,,,544
8864,3196,3209,684,1,0,9/13/2024,,,,544
8865,3196,3209,685,1,0,9/13/2024,,,,544
8866,3196,3209,686,1,0,9/13/2024,,,,544
8867,3196,3209,687,1,0,9/13/2024,,,,544
8868,3196,3209,688,1,0,9/13/2024,,,,544
8869,3196,3209,689,1,0,9/13/2024,,,,544
8870,3196,3209,690,1,0,9/13/2024,,,,544
8871,3196,3209,691,1,0,9/13/2024,,,,544
8872,3196,3209,692,1,0,9/13/2024,,,,544
8873,3196,3209,693,1,0,9/13/2024,,,,544
8874,3196,3209,798,1,0,9/13/2024,,,,544
8875,3196,3210,681,1,0,9/13/2024,,,,544
8876,3196,3210,682,1,0,9/13/2024,,,,544
8877,3196,3210,683,1,0,9/13/2024,,,,544
8878,3196,3210,684,1,0,9/13/2024,,,,544
8879,3196,3210,685,1,0,9/13/2024,,,,544
8880,3196,3210,686,1,0,9/13/2024,,,,544
8881,3196,3210,687,1,0,9/13/2024,,,,544
8882,3196,3210,688,1,0,9/13/2024,,,,544
8883,3196,3210,689,1,0,9/13/2024,,,,544
8884,3196,3210,690,1,0,9/13/2024,,,,544
8885,3196,3210,691,1,0,9/13/2024,,,,544
8886,3196,3210,692,1,0,9/13/2024,,,,544
8887,3196,3210,693,1,0,9/13/2024,,,,544
8888,3196,3210,799,1,0,9/13/2024,,,,544
8889,3196,3210,970,1,0,9/13/2024,,,,544
8890,3196,3211,855,1,0,9/13/2024,,,,544
8891,3197,3212,681,1,0,9/13/2024,,,,544
8892,3197,3212,682,1,0,9/13/2024,,,,544
8893,3197,3212,683,1,0,9/13/2024,,,,544
8894,3197,3212,684,1,0,9/13/2024,,,,544
8895,3197,3212,685,1,0,9/13/2024,,,,544
8896,3197,3212,686,1,0,9/13/2024,,,,544
8897,3197,3212,687,1,0,9/13/2024,,,,544
8898,3197,3212,688,1,0,9/13/2024,,,,544
8899,3197,3212,689,1,0,9/13/2024,,,,544
8900,3197,3212,690,1,0,9/13/2024,,,,544
8901,3197,3212,691,1,0,9/13/2024,,,,544
8902,3197,3212,692,1,0,9/13/2024,,,,544
8903,3197,3212,693,1,0,9/13/2024,,,,544
8904,3197,3212,890,1,0,9/13/2024,,,,544
8905,3197,3212,906,1,0,9/13/2024,,,,544
8906,3197,3212,950,1,0,9/13/2024,,,,544
8907,3197,3212,1007,1,0,9/13/2024,,,,544
8908,3197,3213,681,1,0,9/13/2024,,,,544
8909,3197,3213,682,1,0,9/13/2024,,,,544
8910,3197,3213,683,1,0,9/13/2024,,,,544
8911,3197,3213,684,1,0,9/13/2024,,,,544
8912,3197,3213,685,1,0,9/13/2024,,,,544
8913,3197,3213,686,1,0,9/13/2024,,,,544
8914,3197,3213,687,1,0,9/13/2024,,,,544
8915,3197,3213,688,1,0,9/13/2024,,,,544
8916,3197,3213,689,1,0,9/13/2024,,,,544
8917,3197,3213,690,1,0,9/13/2024,,,,544
8918,3197,3213,691,1,0,9/13/2024,,,,544
8919,3197,3213,692,1,0,9/13/2024,,,,544
8920,3197,3213,693,1,0,9/13/2024,,,,544
8921,3197,3213,694,1,0,9/13/2024,,,,544
8922,3197,3213,695,1,0,9/13/2024,,,,544
8923,3197,3214,681,1,0,9/13/2024,,,,544
8924,3197,3214,682,1,0,9/13/2024,,,,544
8925,3197,3214,683,1,0,9/13/2024,,,,544
8926,3197,3214,684,1,0,9/13/2024,,,,544
8927,3197,3214,685,1,0,9/13/2024,,,,544
8928,3197,3214,686,1,0,9/13/2024,,,,544
8929,3197,3214,687,1,0,9/13/2024,,,,544
8930,3197,3214,688,1,0,9/13/2024,,,,544
8931,3197,3214,689,1,0,9/13/2024,,,,544
8932,3197,3214,690,1,0,9/13/2024,,,,544
8933,3197,3214,691,1,0,9/13/2024,,,,544
8934,3197,3214,692,1,0,9/13/2024,,,,544
8935,3197,3214,693,1,0,9/13/2024,,,,544
8936,3197,3214,998,1,0,9/13/2024,,,,544
8937,3197,3215,681,1,0,9/13/2024,,,,544
8938,3197,3215,682,1,0,9/13/2024,,,,544
8939,3197,3215,683,1,0,9/13/2024,,,,544
8940,3197,3215,684,1,0,9/13/2024,,,,544
8941,3197,3215,685,1,0,9/13/2024,,,,544
8942,3197,3215,686,1,0,9/13/2024,,,,544
8943,3197,3215,687,1,0,9/13/2024,,,,544
8944,3197,3215,688,1,0,9/13/2024,,,,544
8945,3197,3215,689,1,0,9/13/2024,,,,544
8946,3197,3215,690,1,0,9/13/2024,,,,544
8947,3197,3215,691,1,0,9/13/2024,,,,544
8948,3197,3215,692,1,0,9/13/2024,,,,544
8949,3197,3215,693,1,0,9/13/2024,,,,544
8950,3197,3215,694,1,0,9/13/2024,,,,544
8951,3197,3215,695,1,0,9/13/2024,,,,544
8952,3197,3215,696,1,0,9/13/2024,,,,544
8953,3197,3215,697,1,0,9/13/2024,,,,544
8954,3197,3215,698,1,0,9/13/2024,,,,544
8955,3197,3215,699,1,0,9/13/2024,,,,544
8956,3197,3215,700,1,0,9/13/2024,,,,544
8957,3197,3215,701,1,0,9/13/2024,,,,544
8958,3197,3215,702,1,0,9/13/2024,,,,544
8959,3197,3215,703,1,0,9/13/2024,,,,544
8960,3197,3215,704,1,0,9/13/2024,,,,544
8961,3197,3215,705,1,0,9/13/2024,,,,544
8962,3197,3215,721,1,0,9/13/2024,,,,544
8963,3197,3215,937,1,0,9/13/2024,,,,544
8964,3197,3215,945,1,0,9/13/2024,,,,544
8965,3197,3215,948,1,0,9/13/2024,,,,544
8966,3197,3215,955,1,0,9/13/2024,,,,544
8967,3197,3215,969,1,0,9/13/2024,,,,544
8968,3197,3215,971,1,0,9/13/2024,,,,544
8969,3197,3215,975,1,0,9/13/2024,,,,544
8970,3197,3215,981,1,0,9/13/2024,,,,544
8971,3197,3215,1009,1,0,9/13/2024,,,,544
8972,3197,3216,681,1,0,9/13/2024,,,,544
8973,3197,3216,682,1,0,9/13/2024,,,,544
8974,3197,3216,683,1,0,9/13/2024,,,,544
8975,3197,3216,684,1,0,9/13/2024,,,,544
8976,3197,3216,685,1,0,9/13/2024,,,,544
8977,3197,3216,686,1,0,9/13/2024,,,,544
8978,3197,3216,687,1,0,9/13/2024,,,,544
8979,3197,3216,688,1,0,9/13/2024,,,,544
8980,3197,3216,689,1,0,9/13/2024,,,,544
8981,3197,3216,690,1,0,9/13/2024,,,,544
8982,3197,3216,691,1,0,9/13/2024,,,,544
8983,3197,3216,692,1,0,9/13/2024,,,,544
8984,3197,3216,693,1,0,9/13/2024,,,,544
8985,3197,3217,681,1,0,9/13/2024,,,,544
8986,3197,3217,682,1,0,9/13/2024,,,,544
8987,3197,3217,683,1,0,9/13/2024,,,,544
8988,3197,3217,684,1,0,9/13/2024,,,,544
8989,3197,3217,685,1,0,9/13/2024,,,,544
8990,3197,3217,686,1,0,9/13/2024,,,,544
8991,3197,3217,687,1,0,9/13/2024,,,,544
8992,3197,3217,688,1,0,9/13/2024,,,,544
8993,3197,3217,689,1,0,9/13/2024,,,,544
8994,3197,3217,690,1,0,9/13/2024,,,,544
8995,3197,3217,691,1,0,9/13/2024,,,,544
8996,3197,3217,692,1,0,9/13/2024,,,,544
8997,3197,3217,693,1,0,9/13/2024,,,,544
8998,3197,3217,694,1,0,9/13/2024,,,,544
8999,3197,3217,695,1,0,9/13/2024,,,,544
9000,3197,3218,681,1,0,9/13/2024,,,,544
9001,3197,3218,682,1,0,9/13/2024,,,,544
9002,3197,3218,683,1,0,9/13/2024,,,,544
9003,3197,3218,684,1,0,9/13/2024,,,,544
9004,3197,3218,685,1,0,9/13/2024,,,,544
9005,3197,3218,686,1,0,9/13/2024,,,,544
9006,3197,3218,687,1,0,9/13/2024,,,,544
9007,3197,3218,688,1,0,9/13/2024,,,,544
9008,3197,3218,689,1,0,9/13/2024,,,,544
9009,3197,3218,690,1,0,9/13/2024,,,,544
9010,3197,3218,691,1,0,9/13/2024,,,,544
9011,3197,3218,692,1,0,9/13/2024,,,,544
9012,3197,3218,693,1,0,9/13/2024,,,,544
9013,3197,3218,694,1,0,9/13/2024,,,,544
9014,3197,3218,695,1,0,9/13/2024,,,,544
9015,3197,3218,696,1,0,9/13/2024,,,,544
9016,3197,3218,697,1,0,9/13/2024,,,,544
9017,3197,3218,780,1,0,9/13/2024,,,,544
9018,3198,3219,681,1,0,9/13/2024,,,,544
9019,3198,3219,682,1,0,9/13/2024,,,,544
9020,3198,3219,683,1,0,9/13/2024,,,,544
9021,3198,3219,684,1,0,9/13/2024,,,,544
9022,3198,3219,685,1,0,9/13/2024,,,,544
9023,3198,3219,686,1,0,9/13/2024,,,,544
9024,3198,3219,687,1,0,9/13/2024,,,,544
9025,3198,3219,688,1,0,9/13/2024,,,,544
9026,3198,3219,689,1,0,9/13/2024,,,,544
9027,3198,3219,690,1,0,9/13/2024,,,,544
9028,3198,3219,691,1,0,9/13/2024,,,,544
9029,3198,3219,692,1,0,9/13/2024,,,,544
9030,3198,3219,693,1,0,9/13/2024,,,,544
9031,3198,3219,694,1,0,9/13/2024,,,,544
9032,3198,3219,695,1,0,9/13/2024,,,,544
9033,3198,3219,696,1,0,9/13/2024,,,,544
9034,3198,3219,697,1,0,9/13/2024,,,,544
9035,3198,3219,698,1,0,9/13/2024,,,,544
9036,3198,3219,699,1,0,9/13/2024,,,,544
9037,3198,3219,700,1,0,9/13/2024,,,,544
9038,3198,3219,701,1,0,9/13/2024,,,,544
9039,3198,3219,702,1,0,9/13/2024,,,,544
9040,3198,3219,703,1,0,9/13/2024,,,,544
9041,3198,3219,704,1,0,9/13/2024,,,,544
9042,3198,3219,705,1,0,9/13/2024,,,,544
9043,3198,3219,706,1,0,9/13/2024,,,,544
9044,3198,3219,707,1,0,9/13/2024,,,,544
9045,3198,3219,708,1,0,9/13/2024,,,,544
9046,3198,3219,709,1,0,9/13/2024,,,,544
9047,3198,3219,710,1,0,9/13/2024,,,,544
9048,3198,3219,711,1,0,9/13/2024,,,,544
9049,3198,3219,712,1,0,9/13/2024,,,,544
9050,3198,3219,721,1,0,9/13/2024,,,,544
9051,3198,3219,876,1,0,9/13/2024,,,,544
9052,3198,3219,892,1,0,9/13/2024,,,,544
9053,3198,3219,899,1,0,9/13/2024,,,,544
9054,3198,3220,681,1,0,9/13/2024,,,,544
9055,3198,3220,682,1,0,9/13/2024,,,,544
9056,3198,3220,683,1,0,9/13/2024,,,,544
9057,3198,3220,684,1,0,9/13/2024,,,,544
9058,3198,3220,685,1,0,9/13/2024,,,,544
9059,3198,3220,686,1,0,9/13/2024,,,,544
9060,3198,3220,687,1,0,9/13/2024,,,,544
9061,3198,3220,688,1,0,9/13/2024,,,,544
9062,3198,3220,689,1,0,9/13/2024,,,,544
9063,3198,3220,690,1,0,9/13/2024,,,,544
9064,3198,3220,691,1,0,9/13/2024,,,,544
9065,3198,3220,692,1,0,9/13/2024,,,,544
9066,3198,3220,693,1,0,9/13/2024,,,,544
9067,3198,3220,694,1,0,9/13/2024,,,,544
9068,3198,3220,695,1,0,9/13/2024,,,,544
9069,3198,3220,696,1,0,9/13/2024,,,,544
9070,3198,3220,697,1,0,9/13/2024,,,,544
9071,3198,3220,745,1,0,9/13/2024,,,,544
9072,3198,3220,865,1,0,9/13/2024,,,,544
9073,3199,3221,681,1,0,9/13/2024,,,,544
9074,3199,3221,682,1,0,9/13/2024,,,,544
9075,3199,3221,683,1,0,9/13/2024,,,,544
9076,3199,3221,684,1,0,9/13/2024,,,,544
9077,3199,3221,685,1,0,9/13/2024,,,,544
9078,3199,3221,686,1,0,9/13/2024,,,,544
9079,3199,3221,687,1,0,9/13/2024,,,,544
9080,3199,3221,688,1,0,9/13/2024,,,,544
9081,3199,3221,689,1,0,9/13/2024,,,,544
9082,3199,3221,690,1,0,9/13/2024,,,,544
9083,3199,3221,691,1,0,9/13/2024,,,,544
9084,3199,3221,692,1,0,9/13/2024,,,,544
9085,3199,3221,693,1,0,9/13/2024,,,,544
9086,3199,3221,694,1,0,9/13/2024,,,,544
9087,3199,3221,695,1,0,9/13/2024,,,,544
9088,3199,3221,696,1,0,9/13/2024,,,,544
9089,3199,3221,697,1,0,9/13/2024,,,,544
9090,3199,3221,698,1,0,9/13/2024,,,,544
9091,3199,3221,699,1,0,9/13/2024,,,,544
9092,3199,3221,700,1,0,9/13/2024,,,,544
9093,3199,3221,701,1,0,9/13/2024,,,,544
9094,3199,3221,702,1,0,9/13/2024,,,,544
9095,3199,3221,703,1,0,9/13/2024,,,,544
9096,3199,3222,681,1,0,9/13/2024,,,,544
9097,3199,3222,682,1,0,9/13/2024,,,,544
9098,3199,3222,683,1,0,9/13/2024,,,,544
9099,3199,3222,684,1,0,9/13/2024,,,,544
9100,3199,3222,685,1,0,9/13/2024,,,,544
9101,3199,3222,686,1,0,9/13/2024,,,,544
9102,3199,3222,687,1,0,9/13/2024,,,,544
9103,3199,3222,688,1,0,9/13/2024,,,,544
9104,3199,3222,689,1,0,9/13/2024,,,,544
9105,3199,3222,690,1,0,9/13/2024,,,,544
9106,3199,3222,691,1,0,9/13/2024,,,,544
9107,3199,3222,692,1,0,9/13/2024,,,,544
9108,3199,3222,693,1,0,9/13/2024,,,,544
9109,3199,3222,694,1,0,9/13/2024,,,,544
9110,3199,3222,695,1,0,9/13/2024,,,,544
9111,3199,3222,721,1,0,9/13/2024,,,,544
9112,3199,3222,856,1,0,9/13/2024,,,,544
9113,3199,3222,985,1,0,9/13/2024,,,,544
9114,3199,3223,681,1,0,9/13/2024,,,,544
9115,3199,3223,682,1,0,9/13/2024,,,,544
9116,3199,3223,683,1,0,9/13/2024,,,,544
9117,3199,3223,684,1,0,9/13/2024,,,,544
9118,3199,3223,685,1,0,9/13/2024,,,,544
9119,3199,3223,686,1,0,9/13/2024,,,,544
9120,3199,3223,687,1,0,9/13/2024,,,,544
9121,3199,3223,688,1,0,9/13/2024,,,,544
9122,3199,3223,689,1,0,9/13/2024,,,,544
9123,3199,3223,690,1,0,9/13/2024,,,,544
9124,3199,3223,691,1,0,9/13/2024,,,,544
9125,3199,3223,692,1,0,9/13/2024,,,,544
9126,3199,3223,693,1,0,9/13/2024,,,,544
9127,3199,3223,694,1,0,9/13/2024,,,,544
9128,3199,3223,695,1,0,9/13/2024,,,,544
9129,3199,3223,696,1,0,9/13/2024,,,,544
9130,3199,3223,697,1,0,9/13/2024,,,,544
9131,3199,3223,698,1,0,9/13/2024,,,,544
9132,3199,3223,699,1,0,9/13/2024,,,,544
9133,3199,3223,700,1,0,9/13/2024,,,,544
9134,3199,3223,721,1,0,9/13/2024,,,,544
9135,3199,3223,809,1,0,9/13/2024,,,,544
9136,3199,3223,873,1,0,9/13/2024,,,,544
9137,3199,3223,923,1,0,9/13/2024,,,,544
9138,3199,3224,681,1,0,9/13/2024,,,,544
9139,3199,3224,682,1,0,9/13/2024,,,,544
9140,3199,3224,683,1,0,9/13/2024,,,,544
9141,3199,3224,684,1,0,9/13/2024,,,,544
9142,3199,3224,685,1,0,9/13/2024,,,,544
9143,3199,3224,686,1,0,9/13/2024,,,,544
9144,3199,3224,687,1,0,9/13/2024,,,,544
9145,3199,3224,688,1,0,9/13/2024,,,,544
9146,3199,3224,689,1,0,9/13/2024,,,,544
9147,3199,3224,690,1,0,9/13/2024,,,,544
9148,3199,3224,691,1,0,9/13/2024,,,,544
9149,3199,3224,692,1,0,9/13/2024,,,,544
9150,3199,3224,693,1,0,9/13/2024,,,,544
9151,3199,3224,917,1,0,9/13/2024,,,,544
9152,3199,3225,681,1,0,9/13/2024,,,,544
9153,3199,3225,682,1,0,9/13/2024,,,,544
9154,3199,3225,683,1,0,9/13/2024,,,,544
9155,3199,3225,684,1,0,9/13/2024,,,,544
9156,3199,3225,685,1,0,9/13/2024,,,,544
9157,3199,3225,686,1,0,9/13/2024,,,,544
9158,3199,3225,687,1,0,9/13/2024,,,,544
9159,3199,3225,688,1,0,9/13/2024,,,,544
9160,3199,3225,689,1,0,9/13/2024,,,,544
9161,3199,3225,690,1,0,9/13/2024,,,,544
9162,3199,3225,691,1,0,9/13/2024,,,,544
9163,3199,3225,692,1,0,9/13/2024,,,,544
9164,3199,3225,693,1,0,9/13/2024,,,,544
9165,3199,3225,694,1,0,9/13/2024,,,,544
9166,3199,3225,695,1,0,9/13/2024,,,,544
9167,3199,3225,721,1,0,9/13/2024,,,,544
9168,3199,3225,853,1,0,9/13/2024,,,,544
9169,3199,3225,858,1,0,9/13/2024,,,,544
9170,3200,3226,681,1,0,9/13/2024,,,,544
9171,3200,3226,682,1,0,9/13/2024,,,,544
9172,3200,3226,683,1,0,9/13/2024,,,,544
9173,3200,3226,684,1,0,9/13/2024,,,,544
9174,3200,3226,685,1,0,9/13/2024,,,,544
9175,3200,3226,686,1,0,9/13/2024,,,,544
9176,3200,3226,687,1,0,9/13/2024,,,,544
9177,3200,3226,688,1,0,9/13/2024,,,,544
9178,3200,3226,689,1,0,9/13/2024,,,,544
9179,3200,3226,690,1,0,9/13/2024,,,,544
9180,3200,3226,691,1,0,9/13/2024,,,,544
9181,3200,3226,692,1,0,9/13/2024,,,,544
9182,3200,3226,693,1,0,9/13/2024,,,,544
9183,3200,3226,694,1,0,9/13/2024,,,,544
9184,3200,3226,695,1,0,9/13/2024,,,,544
9185,3200,3226,696,1,0,9/13/2024,,,,544
9186,3200,3226,697,1,0,9/13/2024,,,,544
9187,3200,3226,698,1,0,9/13/2024,,,,544
9188,3200,3226,699,1,0,9/13/2024,,,,544
9189,3200,3226,700,1,0,9/13/2024,,,,544
9190,3200,3226,701,1,0,9/13/2024,,,,544
9191,3200,3226,702,1,0,9/13/2024,,,,544
9192,3200,3226,703,1,0,9/13/2024,,,,544
9193,3200,3226,739,1,0,9/13/2024,,,,544
9194,3200,3227,681,1,0,9/13/2024,,,,544
9195,3200,3227,682,1,0,9/13/2024,,,,544
9196,3200,3227,683,1,0,9/13/2024,,,,544
9197,3200,3227,684,1,0,9/13/2024,,,,544
9198,3200,3227,685,1,0,9/13/2024,,,,544
9199,3200,3227,686,1,0,9/13/2024,,,,544
9200,3200,3227,687,1,0,9/13/2024,,,,544
9201,3200,3227,688,1,0,9/13/2024,,,,544
9202,3200,3227,689,1,0,9/13/2024,,,,544
9203,3200,3227,690,1,0,9/13/2024,,,,544
9204,3200,3227,691,1,0,9/13/2024,,,,544
9205,3200,3227,692,1,0,9/13/2024,,,,544
9206,3200,3227,693,1,0,9/13/2024,,,,544
9207,3200,3227,816,1,0,9/13/2024,,,,544
9208,3200,3228,681,1,0,9/13/2024,,,,544
9209,3200,3228,682,1,0,9/13/2024,,,,544
9210,3200,3228,683,1,0,9/13/2024,,,,544
9211,3200,3228,684,1,0,9/13/2024,,,,544
9212,3200,3228,685,1,0,9/13/2024,,,,544
9213,3200,3228,686,1,0,9/13/2024,,,,544
9214,3200,3228,687,1,0,9/13/2024,,,,544
9215,3200,3228,688,1,0,9/13/2024,,,,544
9216,3200,3228,689,1,0,9/13/2024,,,,544
9217,3200,3228,690,1,0,9/13/2024,,,,544
9218,3200,3228,691,1,0,9/13/2024,,,,544
9219,3200,3228,692,1,0,9/13/2024,,,,544
9220,3200,3228,693,1,0,9/13/2024,,,,544
9221,3200,3228,694,1,0,9/13/2024,,,,544
9222,3200,3228,695,1,0,9/13/2024,,,,544
9223,3200,3228,696,1,0,9/13/2024,,,,544
9224,3200,3228,697,1,0,9/13/2024,,,,544
9225,3200,3228,698,1,0,9/13/2024,,,,544
9226,3200,3228,699,1,0,9/13/2024,,,,544
9227,3200,3228,700,1,0,9/13/2024,,,,544
9228,3200,3228,701,1,0,9/13/2024,,,,544
9229,3200,3228,702,1,0,9/13/2024,,,,544
9230,3200,3228,703,1,0,9/13/2024,,,,544
9231,3200,3228,704,1,0,9/13/2024,,,,544
9232,3200,3228,705,1,0,9/13/2024,,,,544
9233,3200,3228,706,1,0,9/13/2024,,,,544
9234,3200,3228,707,1,0,9/13/2024,,,,544
9235,3200,3228,708,1,0,9/13/2024,,,,544
9236,3200,3228,709,1,0,9/13/2024,,,,544
9237,3200,3228,710,1,0,9/13/2024,,,,544
9238,3200,3228,711,1,0,9/13/2024,,,,544
9239,3200,3228,721,1,0,9/13/2024,,,,544
9240,3200,3228,996,1,0,9/13/2024,,,,544
9241,3200,3229,681,1,0,9/13/2024,,,,544
9242,3200,3229,682,1,0,9/13/2024,,,,544
9243,3200,3229,683,1,0,9/13/2024,,,,544
9244,3200,3229,684,1,0,9/13/2024,,,,544
9245,3200,3229,685,1,0,9/13/2024,,,,544
9246,3200,3229,686,1,0,9/13/2024,,,,544
9247,3200,3229,687,1,0,9/13/2024,,,,544
9248,3200,3229,688,1,0,9/13/2024,,,,544
9249,3200,3229,689,1,0,9/13/2024,,,,544
9250,3200,3229,690,1,0,9/13/2024,,,,544
9251,3200,3229,691,1,0,9/13/2024,,,,544
9252,3200,3229,692,1,0,9/13/2024,,,,544
9253,3200,3229,693,1,0,9/13/2024,,,,544
9254,3200,3229,896,1,0,9/13/2024,,,,544
9255,3200,3230,681,1,0,9/13/2024,,,,544
9256,3200,3230,682,1,0,9/13/2024,,,,544
9257,3200,3230,683,1,0,9/13/2024,,,,544
9258,3200,3230,684,1,0,9/13/2024,,,,544
9259,3200,3230,685,1,0,9/13/2024,,,,544
9260,3200,3230,686,1,0,9/13/2024,,,,544
9261,3200,3230,687,1,0,9/13/2024,,,,544
9262,3200,3230,688,1,0,9/13/2024,,,,544
9263,3200,3230,689,1,0,9/13/2024,,,,544
9264,3200,3230,690,1,0,9/13/2024,,,,544
9265,3200,3230,691,1,0,9/13/2024,,,,544
9266,3200,3230,692,1,0,9/13/2024,,,,544
9267,3200,3230,693,1,0,9/13/2024,,,,544
9268,3200,3230,694,1,0,9/13/2024,,,,544
9269,3200,3230,695,1,0,9/13/2024,,,,544
9270,3200,3230,696,1,0,9/13/2024,,,,544
9271,3200,3230,697,1,0,9/13/2024,,,,544
9272,3201,3231,681,1,0,9/13/2024,,,,544
9273,3201,3231,682,1,0,9/13/2024,,,,544
9274,3201,3231,683,1,0,9/13/2024,,,,544
9275,3201,3231,684,1,0,9/13/2024,,,,544
9276,3201,3231,685,1,0,9/13/2024,,,,544
9277,3201,3231,686,1,0,9/13/2024,,,,544
9278,3201,3231,687,1,0,9/13/2024,,,,544
9279,3201,3231,688,1,0,9/13/2024,,,,544
9280,3201,3231,689,1,0,9/13/2024,,,,544
9281,3201,3231,690,1,0,9/13/2024,,,,544
9282,3201,3231,691,1,0,9/13/2024,,,,544
9283,3201,3231,692,1,0,9/13/2024,,,,544
9284,3201,3231,693,1,0,9/13/2024,,,,544
9285,3201,3231,694,1,0,9/13/2024,,,,544
9286,3201,3231,695,1,0,9/13/2024,,,,544
9287,3201,3231,696,1,0,9/13/2024,,,,544
9288,3201,3231,697,1,0,9/13/2024,,,,544
9289,3201,3231,836,1,0,9/13/2024,,,,544
9290,3201,3231,964,1,0,9/13/2024,,,,544
9291,3201,3232,681,1,0,9/13/2024,,,,544
9292,3201,3232,682,1,0,9/13/2024,,,,544
9293,3201,3232,683,1,0,9/13/2024,,,,544
9294,3201,3232,684,1,0,9/13/2024,,,,544
9295,3201,3232,685,1,0,9/13/2024,,,,544
9296,3201,3232,686,1,0,9/13/2024,,,,544
9297,3201,3232,687,1,0,9/13/2024,,,,544
9298,3201,3232,688,1,0,9/13/2024,,,,544
9299,3201,3232,689,1,0,9/13/2024,,,,544
9300,3201,3232,690,1,0,9/13/2024,,,,544
9301,3201,3232,691,1,0,9/13/2024,,,,544
9302,3201,3232,692,1,0,9/13/2024,,,,544
9303,3201,3232,693,1,0,9/13/2024,,,,544
9304,3201,3232,694,1,0,9/13/2024,,,,544
9305,3201,3232,695,1,0,9/13/2024,,,,544
9306,3201,3232,696,1,0,9/13/2024,,,,544
9307,3201,3232,697,1,0,9/13/2024,,,,544
9308,3201,3232,698,1,0,9/13/2024,,,,544
9309,3201,3232,699,1,0,9/13/2024,,,,544
9310,3201,3232,700,1,0,9/13/2024,,,,544
9311,3201,3232,701,1,0,9/13/2024,,,,544
9312,3201,3232,702,1,0,9/13/2024,,,,544
9313,3201,3232,703,1,0,9/13/2024,,,,544
9314,3201,3232,862,1,0,9/13/2024,,,,544
9315,3201,3233,681,1,0,9/13/2024,,,,544
9316,3201,3233,682,1,0,9/13/2024,,,,544
9317,3201,3233,683,1,0,9/13/2024,,,,544
9318,3201,3233,684,1,0,9/13/2024,,,,544
9319,3201,3233,685,1,0,9/13/2024,,,,544
9320,3201,3233,686,1,0,9/13/2024,,,,544
9321,3201,3233,687,1,0,9/13/2024,,,,544
9322,3201,3233,688,1,0,9/13/2024,,,,544
9323,3201,3233,689,1,0,9/13/2024,,,,544
9324,3201,3233,690,1,0,9/13/2024,,,,544
9325,3201,3233,691,1,0,9/13/2024,,,,544
9326,3201,3233,692,1,0,9/13/2024,,,,544
9327,3201,3233,693,1,0,9/13/2024,,,,544
9328,3201,3233,694,1,0,9/13/2024,,,,544
9329,3201,3233,695,1,0,9/13/2024,,,,544
9330,3201,3233,696,1,0,9/13/2024,,,,544
9331,3201,3233,697,1,0,9/13/2024,,,,544
9332,3201,3233,698,1,0,9/13/2024,,,,544
9333,3201,3233,699,1,0,9/13/2024,,,,544
9334,3201,3233,700,1,0,9/13/2024,,,,544
9335,3201,3233,701,1,0,9/13/2024,,,,544
9336,3201,3233,702,1,0,9/13/2024,,,,544
9337,3201,3233,703,1,0,9/13/2024,,,,544
9338,3201,3233,704,1,0,9/13/2024,,,,544
9339,3201,3233,705,1,0,9/13/2024,,,,544
9340,3201,3233,805,1,0,9/13/2024,,,,544
9341,3201,3233,887,1,0,9/13/2024,,,,544
9342,3201,3233,978,1,0,9/13/2024,,,,544
9343,3201,3233,992,1,0,9/13/2024,,,,544
9344,3201,3234,681,1,0,9/13/2024,,,,544
9345,3201,3234,682,1,0,9/13/2024,,,,544
9346,3201,3234,683,1,0,9/13/2024,,,,544
9347,3201,3234,684,1,0,9/13/2024,,,,544
9348,3201,3234,685,1,0,9/13/2024,,,,544
9349,3201,3234,686,1,0,9/13/2024,,,,544
9350,3201,3234,687,1,0,9/13/2024,,,,544
9351,3201,3234,688,1,0,9/13/2024,,,,544
9352,3201,3234,689,1,0,9/13/2024,,,,544
9353,3201,3234,690,1,0,9/13/2024,,,,544
9354,3201,3234,691,1,0,9/13/2024,,,,544
9355,3201,3234,692,1,0,9/13/2024,,,,544
9356,3201,3234,693,1,0,9/13/2024,,,,544
9357,3201,3234,721,1,0,9/13/2024,,,,544
9358,3201,3234,755,1,0,9/13/2024,,,,544
9359,3201,3235,681,1,0,9/13/2024,,,,544
9360,3201,3235,682,1,0,9/13/2024,,,,544
9361,3201,3235,683,1,0,9/13/2024,,,,544
9362,3201,3235,684,1,0,9/13/2024,,,,544
9363,3201,3235,685,1,0,9/13/2024,,,,544
9364,3201,3235,686,1,0,9/13/2024,,,,544
9365,3201,3235,687,1,0,9/13/2024,,,,544
9366,3201,3235,688,1,0,9/13/2024,,,,544
9367,3201,3235,689,1,0,9/13/2024,,,,544
9368,3201,3235,690,1,0,9/13/2024,,,,544
9369,3201,3235,691,1,0,9/13/2024,,,,544
9370,3201,3235,692,1,0,9/13/2024,,,,544
9371,3201,3235,693,1,0,9/13/2024,,,,544
9372,3201,3235,695,1,0,9/13/2024,,,,544
9373,3201,3235,749,1,0,9/13/2024,,,,544
9374,3202,3236,681,1,0,9/13/2024,,,,544
9375,3202,3236,682,1,0,9/13/2024,,,,544
9376,3202,3236,683,1,0,9/13/2024,,,,544
9377,3202,3236,684,1,0,9/13/2024,,,,544
9378,3202,3236,685,1,0,9/13/2024,,,,544
9379,3202,3236,686,1,0,9/13/2024,,,,544
9380,3202,3236,687,1,0,9/13/2024,,,,544
9381,3202,3236,688,1,0,9/13/2024,,,,544
9382,3202,3236,689,1,0,9/13/2024,,,,544
9383,3202,3236,690,1,0,9/13/2024,,,,544
9384,3202,3236,691,1,0,9/13/2024,,,,544
9385,3202,3236,692,1,0,9/13/2024,,,,544
9386,3202,3236,693,1,0,9/13/2024,,,,544
9387,3202,3236,694,1,0,9/13/2024,,,,544
9388,3202,3236,695,1,0,9/13/2024,,,,544
9389,3202,3236,696,1,0,9/13/2024,,,,544
9390,3202,3236,697,1,0,9/13/2024,,,,544
9391,3202,3236,698,1,0,9/13/2024,,,,544
9392,3202,3236,699,1,0,9/13/2024,,,,544
9393,3202,3236,700,1,0,9/13/2024,,,,544
9394,3202,3236,701,1,0,9/13/2024,,,,544
9395,3202,3237,681,1,0,9/13/2024,,,,544
9396,3202,3237,682,1,0,9/13/2024,,,,544
9397,3202,3237,683,1,0,9/13/2024,,,,544
9398,3202,3237,684,1,0,9/13/2024,,,,544
9399,3202,3237,685,1,0,9/13/2024,,,,544
9400,3202,3237,686,1,0,9/13/2024,,,,544
9401,3202,3237,687,1,0,9/13/2024,,,,544
9402,3202,3237,688,1,0,9/13/2024,,,,544
9403,3202,3237,689,1,0,9/13/2024,,,,544
9404,3202,3237,690,1,0,9/13/2024,,,,544
9405,3202,3237,691,1,0,9/13/2024,,,,544
9406,3202,3237,692,1,0,9/13/2024,,,,544
9407,3202,3237,693,1,0,9/13/2024,,,,544
9408,3202,3237,694,1,0,9/13/2024,,,,544
9409,3202,3237,695,1,0,9/13/2024,,,,544
9410,3202,3238,681,1,0,9/13/2024,,,,544
9411,3202,3238,682,1,0,9/13/2024,,,,544
9412,3202,3238,683,1,0,9/13/2024,,,,544
9413,3202,3238,684,1,0,9/13/2024,,,,544
9414,3202,3238,685,1,0,9/13/2024,,,,544
9415,3202,3238,686,1,0,9/13/2024,,,,544
9416,3202,3238,687,1,0,9/13/2024,,,,544
9417,3202,3238,688,1,0,9/13/2024,,,,544
9418,3202,3238,689,1,0,9/13/2024,,,,544
9419,3202,3238,690,1,0,9/13/2024,,,,544
9420,3202,3238,691,1,0,9/13/2024,,,,544
9421,3202,3238,692,1,0,9/13/2024,,,,544
9422,3202,3238,693,1,0,9/13/2024,,,,544
9423,3202,3238,694,1,0,9/13/2024,,,,544
9424,3202,3238,695,1,0,9/13/2024,,,,544
9425,3202,3238,696,1,0,9/13/2024,,,,544
9426,3202,3238,697,1,0,9/13/2024,,,,544
9427,3202,3238,698,1,0,9/13/2024,,,,544
9428,3202,3238,699,1,0,9/13/2024,,,,544
9429,3202,3238,700,1,0,9/13/2024,,,,544
9430,3202,3238,701,1,0,9/13/2024,,,,544
9431,3202,3238,702,1,0,9/13/2024,,,,544
9432,3202,3238,703,1,0,9/13/2024,,,,544
9433,3202,3238,704,1,0,9/13/2024,,,,544
9434,3202,3238,705,1,0,9/13/2024,,,,544
9435,3202,3238,706,1,0,9/13/2024,,,,544
9436,3202,3238,707,1,0,9/13/2024,,,,544
9437,3202,3238,708,1,0,9/13/2024,,,,544
9438,3202,3238,709,1,0,9/13/2024,,,,544
9439,3202,3238,710,1,0,9/13/2024,,,,544
9440,3202,3238,711,1,0,9/13/2024,,,,544
9441,3202,3238,761,1,0,9/13/2024,,,,544
9442,3202,3238,766,1,0,9/13/2024,,,,544
9443,3202,3238,802,1,0,9/13/2024,,,,544
9444,3202,3238,825,1,0,9/13/2024,,,,544
9445,3202,3238,851,1,0,9/13/2024,,,,544
9446,3202,3238,863,1,0,9/13/2024,,,,544
9447,3202,3238,866,1,0,9/13/2024,,,,544
9448,3202,3238,871,1,0,9/13/2024,,,,544
9449,3202,3239,681,1,0,9/13/2024,,,,544
9450,3202,3239,682,1,0,9/13/2024,,,,544
9451,3202,3239,683,1,0,9/13/2024,,,,544
9452,3202,3239,684,1,0,9/13/2024,,,,544
9453,3202,3239,685,1,0,9/13/2024,,,,544
9454,3202,3239,686,1,0,9/13/2024,,,,544
9455,3202,3239,687,1,0,9/13/2024,,,,544
9456,3202,3239,688,1,0,9/13/2024,,,,544
9457,3202,3239,689,1,0,9/13/2024,,,,544
9458,3202,3239,690,1,0,9/13/2024,,,,544
9459,3202,3239,691,1,0,9/13/2024,,,,544
9460,3202,3239,692,1,0,9/13/2024,,,,544
9461,3202,3239,693,1,0,9/13/2024,,,,544
9462,3202,3239,694,1,0,9/13/2024,,,,544
9463,3202,3239,695,1,0,9/13/2024,,,,544
9464,3202,3240,681,1,0,9/13/2024,,,,544
9465,3202,3240,682,1,0,9/13/2024,,,,544
9466,3202,3240,683,1,0,9/13/2024,,,,544
9467,3202,3240,684,1,0,9/13/2024,,,,544
9468,3202,3240,685,1,0,9/13/2024,,,,544
9469,3202,3240,686,1,0,9/13/2024,,,,544
9470,3202,3240,687,1,0,9/13/2024,,,,544
9471,3202,3240,688,1,0,9/13/2024,,,,544
9472,3202,3240,689,1,0,9/13/2024,,,,544
9473,3202,3240,690,1,0,9/13/2024,,,,544
9474,3202,3240,691,1,0,9/13/2024,,,,544
9475,3202,3240,692,1,0,9/13/2024,,,,544
9476,3202,3240,693,1,0,9/13/2024,,,,544
9477,3202,3240,694,1,0,9/13/2024,,,,544
9478,3202,3240,695,1,0,9/13/2024,,,,544
9479,3202,3240,696,1,0,9/13/2024,,,,544
9480,3202,3240,697,1,0,9/13/2024,,,,544
9481,3203,3241,681,1,0,9/13/2024,,,,544
9482,3203,3241,682,1,0,9/13/2024,,,,544
9483,3203,3241,683,1,0,9/13/2024,,,,544
9484,3203,3241,684,1,0,9/13/2024,,,,544
9485,3203,3241,685,1,0,9/13/2024,,,,544
9486,3203,3241,686,1,0,9/13/2024,,,,544
9487,3203,3241,687,1,0,9/13/2024,,,,544
9488,3203,3241,688,1,0,9/13/2024,,,,544
9489,3203,3241,689,1,0,9/13/2024,,,,544
9490,3203,3241,690,1,0,9/13/2024,,,,544
9491,3203,3241,691,1,0,9/13/2024,,,,544
9492,3203,3241,692,1,0,9/13/2024,,,,544
9493,3203,3241,693,1,0,9/13/2024,,,,544
9494,3203,3241,694,1,0,9/13/2024,,,,544
9495,3203,3241,695,1,0,9/13/2024,,,,544
9496,3203,3241,696,1,0,9/13/2024,,,,544
9497,3203,3241,697,1,0,9/13/2024,,,,544
9498,3203,3241,698,1,0,9/13/2024,,,,544
9499,3203,3241,699,1,0,9/13/2024,,,,544
9500,3203,3242,681,1,0,9/13/2024,,,,544
9501,3203,3242,682,1,0,9/13/2024,,,,544
9502,3203,3242,683,1,0,9/13/2024,,,,544
9503,3203,3242,684,1,0,9/13/2024,,,,544
9504,3203,3242,685,1,0,9/13/2024,,,,544
9505,3203,3242,686,1,0,9/13/2024,,,,544
9506,3203,3242,687,1,0,9/13/2024,,,,544
9507,3203,3242,688,1,0,9/13/2024,,,,544
9508,3203,3242,689,1,0,9/13/2024,,,,544
9509,3203,3242,690,1,0,9/13/2024,,,,544
9510,3203,3242,691,1,0,9/13/2024,,,,544
9511,3203,3242,692,1,0,9/13/2024,,,,544
9512,3203,3242,693,1,0,9/13/2024,,,,544
9513,3203,3242,694,1,0,9/13/2024,,,,544
9514,3203,3242,695,1,0,9/13/2024,,,,544
9515,3203,3242,696,1,0,9/13/2024,,,,544
9516,3203,3242,697,1,0,9/13/2024,,,,544
9517,3203,3242,698,1,0,9/13/2024,,,,544
9518,3203,3242,699,1,0,9/13/2024,,,,544
9519,3203,3242,700,1,0,9/13/2024,,,,544
9520,3203,3242,701,1,0,9/13/2024,,,,544
9521,3203,3242,702,1,0,9/13/2024,,,,544
9522,3203,3242,703,1,0,9/13/2024,,,,544
9523,3203,3242,704,1,0,9/13/2024,,,,544
9524,3203,3242,705,1,0,9/13/2024,,,,544
9525,3203,3242,706,1,0,9/13/2024,,,,544
9526,3203,3242,707,1,0,9/13/2024,,,,544
9527,3203,3242,708,1,0,9/13/2024,,,,544
9528,3203,3242,709,1,0,9/13/2024,,,,544
9529,3203,3242,710,1,0,9/13/2024,,,,544
9530,3203,3242,711,1,0,9/13/2024,,,,544
9531,3203,3242,712,1,0,9/13/2024,,,,544
9532,3203,3242,930,1,0,9/13/2024,,,,544
9533,3203,3242,934,1,0,9/13/2024,,,,544
9534,3203,3243,681,1,0,9/13/2024,,,,544
9535,3203,3243,682,1,0,9/13/2024,,,,544
9536,3203,3243,683,1,0,9/13/2024,,,,544
9537,3203,3243,684,1,0,9/13/2024,,,,544
9538,3203,3243,685,1,0,9/13/2024,,,,544
9539,3203,3243,686,1,0,9/13/2024,,,,544
9540,3203,3243,687,1,0,9/13/2024,,,,544
9541,3203,3243,688,1,0,9/13/2024,,,,544
9542,3203,3243,689,1,0,9/13/2024,,,,544
9543,3203,3243,690,1,0,9/13/2024,,,,544
9544,3203,3243,691,1,0,9/13/2024,,,,544
9545,3203,3243,692,1,0,9/13/2024,,,,544
9546,3203,3243,693,1,0,9/13/2024,,,,544
9547,3203,3243,817,1,0,9/13/2024,,,,544
9548,3203,3244,681,1,0,9/13/2024,,,,544
9549,3203,3244,682,1,0,9/13/2024,,,,544
9550,3203,3244,683,1,0,9/13/2024,,,,544
9551,3203,3244,684,1,0,9/13/2024,,,,544
9552,3203,3244,685,1,0,9/13/2024,,,,544
9553,3203,3244,686,1,0,9/13/2024,,,,544
9554,3203,3244,687,1,0,9/13/2024,,,,544
9555,3203,3244,688,1,0,9/13/2024,,,,544
9556,3203,3244,689,1,0,9/13/2024,,,,544
9557,3203,3244,690,1,0,9/13/2024,,,,544
9558,3203,3244,691,1,0,9/13/2024,,,,544
9559,3203,3244,692,1,0,9/13/2024,,,,544
9560,3203,3244,693,1,0,9/13/2024,,,,544
9561,3203,3244,829,1,0,9/13/2024,,,,544
9562,12,10,6,1,0,9/13/2024,,,,544
9563,12,11,6,1,0,9/13/2024,,,,544
9564,3203,3245,681,1,0,9/13/2024,,,,544
9565,3203,3245,682,1,0,9/13/2024,,,,544
9566,3203,3245,683,1,0,9/13/2024,,,,544
9567,3203,3245,684,1,0,9/13/2024,,,,544
9568,3203,3245,685,1,0,9/13/2024,,,,544
9569,3203,3245,686,1,0,9/13/2024,,,,544
9570,3203,3245,687,1,0,9/13/2024,,,,544
9571,3203,3245,688,1,0,9/13/2024,,,,544
9572,3203,3245,689,1,0,9/13/2024,,,,544
9573,3203,3245,690,1,0,9/13/2024,,,,544
9574,3203,3245,691,1,0,9/13/2024,,,,544
9575,3203,3245,692,1,0,9/13/2024,,,,544
9576,3203,3245,693,1,0,9/13/2024,,,,544
9577,3203,3245,694,1,0,9/13/2024,,,,544
9578,3203,3245,695,1,0,9/13/2024,,,,544
9579,3203,3245,696,1,0,9/13/2024,,,,544
9580,3203,3245,697,1,0,9/13/2024,,,,544
9581,3203,3245,698,1,0,9/13/2024,,,,544
9582,3203,3245,699,1,0,9/13/2024,,,,544
9583,3203,3245,700,1,0,9/13/2024,,,,544
9584,3203,3245,701,1,0,9/13/2024,,,,544
9585,3203,3245,702,1,0,9/13/2024,,,,544
9586,3203,3245,703,1,0,9/13/2024,,,,544
9587,3203,3245,704,1,0,9/13/2024,,,,544
9588,3203,3245,705,1,0,9/13/2024,,,,544
9589,3203,3245,706,1,0,9/13/2024,,,,544
9590,3203,3245,707,1,0,9/13/2024,,,,544
9591,3203,3246,832,1,0,9/13/2024,,,,544
9592,3203,3246,846,1,0,9/13/2024,,,,544
9593,3204,3247,681,1,0,9/13/2024,,,,544
9594,3204,3247,682,1,0,9/13/2024,,,,544
9595,3204,3247,683,1,0,9/13/2024,,,,544
9596,3204,3247,684,1,0,9/13/2024,,,,544
9597,3204,3247,685,1,0,9/13/2024,,,,544
9598,3204,3247,686,1,0,9/13/2024,,,,544
9599,3204,3247,687,1,0,9/13/2024,,,,544
9600,3204,3247,688,1,0,9/13/2024,,,,544
9601,3204,3247,689,1,0,9/13/2024,,,,544
9602,3204,3247,690,1,0,9/13/2024,,,,544
9603,3204,3247,691,1,0,9/13/2024,,,,544
9604,3204,3247,692,1,0,9/13/2024,,,,544
9605,3204,3247,693,1,0,9/13/2024,,,,544
9606,3204,3247,694,1,0,9/13/2024,,,,544
9607,3204,3247,695,1,0,9/13/2024,,,,544
9608,3204,3247,765,1,0,9/13/2024,,,,544
9609,3204,3248,681,1,0,9/13/2024,,,,544
9610,3204,3248,682,1,0,9/13/2024,,,,544
9611,3204,3248,683,1,0,9/13/2024,,,,544
9612,3204,3248,684,1,0,9/13/2024,,,,544
9613,3204,3248,685,1,0,9/13/2024,,,,544
9614,3204,3248,686,1,0,9/13/2024,,,,544
9615,3204,3248,687,1,0,9/13/2024,,,,544
9616,3204,3248,688,1,0,9/13/2024,,,,544
9617,3204,3248,689,1,0,9/13/2024,,,,544
9618,3204,3248,690,1,0,9/13/2024,,,,544
9619,3204,3248,691,1,0,9/13/2024,,,,544
9620,3204,3248,692,1,0,9/13/2024,,,,544
9621,3204,3248,693,1,0,9/13/2024,,,,544
9622,3204,3248,694,1,0,9/13/2024,,,,544
9623,3204,3248,695,1,0,9/13/2024,,,,544
9624,3204,3248,696,1,0,9/13/2024,,,,544
9625,3204,3248,697,1,0,9/13/2024,,,,544
9626,3204,3248,698,1,0,9/13/2024,,,,544
9627,3204,3248,699,1,0,9/13/2024,,,,544
9628,3204,3248,700,1,0,9/13/2024,,,,544
9629,3204,3248,701,1,0,9/13/2024,,,,544
9630,3204,3248,702,1,0,9/13/2024,,,,544
9631,3204,3248,703,1,0,9/13/2024,,,,544
9632,3204,3248,704,1,0,9/13/2024,,,,544
9633,3204,3248,705,1,0,9/13/2024,,,,544
9634,3204,3248,706,1,0,9/13/2024,,,,544
9635,3204,3248,707,1,0,9/13/2024,,,,544
9636,3204,3248,708,1,0,9/13/2024,,,,544
9637,3204,3248,709,1,0,9/13/2024,,,,544
9638,3204,3248,710,1,0,9/13/2024,,,,544
9639,3204,3248,711,1,0,9/13/2024,,,,544
9640,3204,3248,845,1,0,9/13/2024,,,,544
9641,3204,3248,850,1,0,9/13/2024,,,,544
9642,3204,3249,681,1,0,9/13/2024,,,,544
9643,3204,3249,682,1,0,9/13/2024,,,,544
9644,3204,3249,683,1,0,9/13/2024,,,,544
9645,3204,3249,684,1,0,9/13/2024,,,,544
9646,3204,3249,685,1,0,9/13/2024,,,,544
9647,3204,3249,686,1,0,9/13/2024,,,,544
9648,3204,3249,687,1,0,9/13/2024,,,,544
9649,3204,3249,688,1,0,9/13/2024,,,,544
9650,3204,3249,689,1,0,9/13/2024,,,,544
9651,3204,3249,690,1,0,9/13/2024,,,,544
9652,3204,3249,691,1,0,9/13/2024,,,,544
9653,3204,3249,692,1,0,9/13/2024,,,,544
9654,3204,3249,693,1,0,9/13/2024,,,,544
9655,3204,3249,757,1,0,9/13/2024,,,,544
9656,3204,3250,681,1,0,9/13/2024,,,,544
9657,3204,3250,682,1,0,9/13/2024,,,,544
9658,3204,3250,683,1,0,9/13/2024,,,,544
9659,3204,3250,684,1,0,9/13/2024,,,,544
9660,3204,3250,685,1,0,9/13/2024,,,,544
9661,3204,3250,686,1,0,9/13/2024,,,,544
9662,3204,3250,687,1,0,9/13/2024,,,,544
9663,3204,3250,688,1,0,9/13/2024,,,,544
9664,3204,3250,689,1,0,9/13/2024,,,,544
9665,3204,3250,690,1,0,9/13/2024,,,,544
9666,3204,3250,691,1,0,9/13/2024,,,,544
9667,3204,3250,692,1,0,9/13/2024,,,,544
9668,3204,3250,693,1,0,9/13/2024,,,,544
9669,3204,3250,889,1,0,9/13/2024,,,,544
9670,3205,3251,681,1,0,9/13/2024,,,,544
9671,3205,3251,682,1,0,9/13/2024,,,,544
9672,3205,3251,683,1,0,9/13/2024,,,,544
9673,3205,3251,684,1,0,9/13/2024,,,,544
9674,3205,3251,685,1,0,9/13/2024,,,,544
9675,3205,3251,686,1,0,9/13/2024,,,,544
9676,3205,3251,687,1,0,9/13/2024,,,,544
9677,3205,3251,688,1,0,9/13/2024,,,,544
9678,3205,3251,689,1,0,9/13/2024,,,,544
9679,3205,3251,690,1,0,9/13/2024,,,,544
9680,3205,3251,691,1,0,9/13/2024,,,,544
9681,3205,3251,692,1,0,9/13/2024,,,,544
9682,3205,3251,693,1,0,9/13/2024,,,,544
9683,3205,3251,694,1,0,9/13/2024,,,,544
9684,3205,3251,695,1,0,9/13/2024,,,,544
9685,3205,3252,681,1,0,9/13/2024,,,,544
9686,3205,3252,682,1,0,9/13/2024,,,,544
9687,3205,3252,683,1,0,9/13/2024,,,,544
9688,3205,3252,684,1,0,9/13/2024,,,,544
9689,3205,3252,685,1,0,9/13/2024,,,,544
9690,3205,3252,686,1,0,9/13/2024,,,,544
9691,3205,3252,687,1,0,9/13/2024,,,,544
9692,3205,3252,688,1,0,9/13/2024,,,,544
9693,3205,3252,689,1,0,9/13/2024,,,,544
9694,3205,3252,690,1,0,9/13/2024,,,,544
9695,3205,3252,691,1,0,9/13/2024,,,,544
9696,3205,3252,692,1,0,9/13/2024,,,,544
9697,3205,3252,693,1,0,9/13/2024,,,,544
9698,3205,3252,694,1,0,9/13/2024,,,,544
9699,3205,3252,695,1,0,9/13/2024,,,,544
9700,3205,3252,696,1,0,9/13/2024,,,,544
9701,3205,3252,697,1,0,9/13/2024,,,,544
9702,3205,3252,698,1,0,9/13/2024,,,,544
9703,3205,3252,699,1,0,9/13/2024,,,,544
9704,3205,3252,700,1,0,9/13/2024,,,,544
9705,3205,3252,701,1,0,9/13/2024,,,,544
9706,3205,3252,702,1,0,9/13/2024,,,,544
9707,3205,3252,721,1,0,9/13/2024,,,,544
9708,3205,3252,737,1,0,9/13/2024,,,,544
9709,3205,3252,777,1,0,9/13/2024,,,,544
9710,3205,3253,681,1,0,9/13/2024,,,,544
9711,3205,3253,682,1,0,9/13/2024,,,,544
9712,3205,3253,683,1,0,9/13/2024,,,,544
9713,3205,3253,684,1,0,9/13/2024,,,,544
9714,3205,3253,685,1,0,9/13/2024,,,,544
9715,3205,3253,686,1,0,9/13/2024,,,,544
9716,3205,3253,687,1,0,9/13/2024,,,,544
9717,3205,3253,688,1,0,9/13/2024,,,,544
9718,3205,3253,689,1,0,9/13/2024,,,,544
9719,3205,3253,690,1,0,9/13/2024,,,,544
9720,3205,3253,691,1,0,9/13/2024,,,,544
9721,3205,3253,692,1,0,9/13/2024,,,,544
9722,3205,3253,693,1,0,9/13/2024,,,,544
9723,3205,3253,695,1,0,9/13/2024,,,,544
9724,3205,3253,743,1,0,9/13/2024,,,,544
9725,3205,3254,681,1,0,9/13/2024,,,,544
9726,3205,3254,682,1,0,9/13/2024,,,,544
9727,3205,3254,683,1,0,9/13/2024,,,,544
9728,3205,3254,684,1,0,9/13/2024,,,,544
9729,3205,3254,685,1,0,9/13/2024,,,,544
9730,3205,3254,686,1,0,9/13/2024,,,,544
9731,3205,3254,687,1,0,9/13/2024,,,,544
9732,3205,3254,688,1,0,9/13/2024,,,,544
9733,3205,3254,689,1,0,9/13/2024,,,,544
9734,3205,3254,690,1,0,9/13/2024,,,,544
9735,3205,3254,691,1,0,9/13/2024,,,,544
9736,3205,3254,692,1,0,9/13/2024,,,,544
9737,3205,3254,693,1,0,9/13/2024,,,,544
9738,3206,3255,681,1,0,9/13/2024,,,,544
9739,3206,3255,682,1,0,9/13/2024,,,,544
9740,3206,3255,683,1,0,9/13/2024,,,,544
9741,3206,3255,684,1,0,9/13/2024,,,,544
9742,3206,3255,685,1,0,9/13/2024,,,,544
9743,3206,3255,686,1,0,9/13/2024,,,,544
9744,3206,3255,687,1,0,9/13/2024,,,,544
9745,3206,3255,688,1,0,9/13/2024,,,,544
9746,3206,3255,689,1,0,9/13/2024,,,,544
9747,3206,3255,690,1,0,9/13/2024,,,,544
9748,3206,3255,691,1,0,9/13/2024,,,,544
9749,3206,3255,692,1,0,9/13/2024,,,,544
9750,3206,3255,693,1,0,9/13/2024,,,,544
9751,3206,3255,784,1,0,9/13/2024,,,,544
9752,3206,3255,838,1,0,9/13/2024,,,,544
9753,3206,3256,681,1,0,9/13/2024,,,,544
9754,3206,3256,682,1,0,9/13/2024,,,,544
9755,3206,3256,683,1,0,9/13/2024,,,,544
9756,3206,3256,684,1,0,9/13/2024,,,,544
9757,3206,3256,685,1,0,9/13/2024,,,,544
9758,3206,3256,686,1,0,9/13/2024,,,,544
9759,3206,3256,687,1,0,9/13/2024,,,,544
9760,3206,3256,688,1,0,9/13/2024,,,,544
9761,3206,3256,689,1,0,9/13/2024,,,,544
9762,3206,3256,690,1,0,9/13/2024,,,,544
9763,3206,3256,691,1,0,9/13/2024,,,,544
9764,3206,3256,692,1,0,9/13/2024,,,,544
9765,3206,3256,693,1,0,9/13/2024,,,,544
9766,3206,3256,694,1,0,9/13/2024,,,,544
9767,3206,3256,695,1,0,9/13/2024,,,,544
9768,3206,3256,696,1,0,9/13/2024,,,,544
9769,3206,3256,697,1,0,9/13/2024,,,,544
9770,3206,3256,698,1,0,9/13/2024,,,,544
9771,3206,3256,699,1,0,9/13/2024,,,,544
9772,3206,3256,700,1,0,9/13/2024,,,,544
9773,3206,3256,701,1,0,9/13/2024,,,,544
9774,3206,3256,702,1,0,9/13/2024,,,,544
9775,3206,3256,703,1,0,9/13/2024,,,,544
9776,3206,3256,704,1,0,9/13/2024,,,,544
9777,3206,3256,705,1,0,9/13/2024,,,,544
9778,3206,3256,706,1,0,9/13/2024,,,,544
9779,3206,3256,707,1,0,9/13/2024,,,,544
9780,3206,3256,708,1,0,9/13/2024,,,,544
9781,3206,3256,709,1,0,9/13/2024,,,,544
9782,3206,3256,710,1,0,9/13/2024,,,,544
9783,3206,3256,711,1,0,9/13/2024,,,,544
9784,3206,3256,712,1,0,9/13/2024,,,,544
9785,3206,3257,681,1,0,9/13/2024,,,,544
9786,3206,3257,682,1,0,9/13/2024,,,,544
9787,3206,3257,683,1,0,9/13/2024,,,,544
9788,3206,3257,684,1,0,9/13/2024,,,,544
9789,3206,3257,685,1,0,9/13/2024,,,,544
9790,3206,3257,686,1,0,9/13/2024,,,,544
9791,3206,3257,687,1,0,9/13/2024,,,,544
9792,3206,3257,688,1,0,9/13/2024,,,,544
9793,3206,3257,689,1,0,9/13/2024,,,,544
9794,3206,3257,690,1,0,9/13/2024,,,,544
9795,3206,3257,691,1,0,9/13/2024,,,,544
9796,3206,3257,692,1,0,9/13/2024,,,,544
9797,3206,3257,693,1,0,9/13/2024,,,,544
9798,3206,3257,694,1,0,9/13/2024,,,,544
9799,3206,3257,695,1,0,9/13/2024,,,,544
9800,3206,3257,696,1,0,9/13/2024,,,,544
9801,3206,3257,697,1,0,9/13/2024,,,,544
9802,3206,3257,698,1,0,9/13/2024,,,,544
9803,3206,3257,699,1,0,9/13/2024,,,,544
9804,3207,3258,681,1,0,9/13/2024,,,,544
9805,3207,3258,682,1,0,9/13/2024,,,,544
9806,3207,3258,683,1,0,9/13/2024,,,,544
9807,3207,3258,684,1,0,9/13/2024,,,,544
9808,3207,3258,685,1,0,9/13/2024,,,,544
9809,3207,3258,686,1,0,9/13/2024,,,,544
9810,3207,3258,687,1,0,9/13/2024,,,,544
9811,3207,3258,688,1,0,9/13/2024,,,,544
9812,3207,3258,689,1,0,9/13/2024,,,,544
9813,3207,3258,690,1,0,9/13/2024,,,,544
9814,3207,3258,691,1,0,9/13/2024,,,,544
9815,3207,3258,692,1,0,9/13/2024,,,,544
9816,3207,3258,693,1,0,9/13/2024,,,,544
9817,3207,3258,874,1,0,9/13/2024,,,,544
9818,3207,3259,681,1,0,9/13/2024,,,,544
9819,3207,3259,682,1,0,9/13/2024,,,,544
9820,3207,3259,683,1,0,9/13/2024,,,,544
9821,3207,3259,684,1,0,9/13/2024,,,,544
9822,3207,3259,685,1,0,9/13/2024,,,,544
9823,3207,3259,686,1,0,9/13/2024,,,,544
9824,3207,3259,687,1,0,9/13/2024,,,,544
9825,3207,3259,688,1,0,9/13/2024,,,,544
9826,3207,3259,689,1,0,9/13/2024,,,,544
9827,3207,3259,690,1,0,9/13/2024,,,,544
9828,3207,3259,691,1,0,9/13/2024,,,,544
9829,3207,3259,692,1,0,9/13/2024,,,,544
9830,3207,3259,693,1,0,9/13/2024,,,,544
9831,3207,3259,694,1,0,9/13/2024,,,,544
9832,3207,3259,695,1,0,9/13/2024,,,,544
9833,3207,3260,681,1,0,9/13/2024,,,,544
9834,3207,3260,682,1,0,9/13/2024,,,,544
9835,3207,3260,683,1,0,9/13/2024,,,,544
9836,3207,3260,684,1,0,9/13/2024,,,,544
9837,3207,3260,685,1,0,9/13/2024,,,,544
9838,3207,3260,686,1,0,9/13/2024,,,,544
9839,3207,3260,687,1,0,9/13/2024,,,,544
9840,3207,3260,688,1,0,9/13/2024,,,,544
9841,3207,3260,689,1,0,9/13/2024,,,,544
9842,3207,3260,690,1,0,9/13/2024,,,,544
9843,3207,3260,691,1,0,9/13/2024,,,,544
9844,3207,3261,681,1,0,9/13/2024,,,,544
9845,3207,3261,682,1,0,9/13/2024,,,,544
9846,3207,3261,683,1,0,9/13/2024,,,,544
9847,3207,3261,684,1,0,9/13/2024,,,,544
9848,3207,3261,685,1,0,9/13/2024,,,,544
9849,3207,3261,686,1,0,9/13/2024,,,,544
9850,3207,3261,687,1,0,9/13/2024,,,,544
9851,3207,3261,688,1,0,9/13/2024,,,,544
9852,3207,3261,689,1,0,9/13/2024,,,,544
9853,3207,3261,690,1,0,9/13/2024,,,,544
9854,3207,3261,691,1,0,9/13/2024,,,,544
9855,3207,3261,692,1,0,9/13/2024,,,,544
9856,3207,3261,693,1,0,9/13/2024,,,,544
9857,3207,3261,694,1,0,9/13/2024,,,,544
9858,3207,3261,695,1,0,9/13/2024,,,,544
9859,3207,3261,696,1,0,9/13/2024,,,,544
9860,3207,3261,697,1,0,9/13/2024,,,,544
9861,3207,3261,698,1,0,9/13/2024,,,,544
9862,3207,3261,699,1,0,9/13/2024,,,,544
9863,3207,3261,700,1,0,9/13/2024,,,,544
9864,3207,3261,701,1,0,9/13/2024,,,,544
9865,3207,3261,702,1,0,9/13/2024,,,,544
9866,3207,3261,703,1,0,9/13/2024,,,,544
9867,3207,3261,704,1,0,9/13/2024,,,,544
9868,3207,3261,705,1,0,9/13/2024,,,,544
9869,3207,3261,706,1,0,9/13/2024,,,,544
9870,3207,3261,753,1,0,9/13/2024,,,,544
9871,3207,3261,824,1,0,9/13/2024,,,,544
9872,3207,3261,860,1,0,9/13/2024,,,,544
9873,3207,3261,910,1,0,9/13/2024,,,,544
9874,3207,3261,953,1,0,9/13/2024,,,,544
9875,3207,3261,959,1,0,9/13/2024,,,,544
9876,3207,3261,963,1,0,9/13/2024,,,,544
9877,3207,3261,972,1,0,9/13/2024,,,,544
9878,3207,3261,977,1,0,9/13/2024,,,,544
9879,3207,3261,997,1,0,9/13/2024,,,,544
9880,3207,3262,681,1,0,9/13/2024,,,,544
9881,3207,3262,682,1,0,9/13/2024,,,,544
9882,3207,3262,683,1,0,9/13/2024,,,,544
9883,3207,3262,684,1,0,9/13/2024,,,,544
9884,3207,3262,685,1,0,9/13/2024,,,,544
9885,3207,3262,686,1,0,9/13/2024,,,,544
9886,3207,3262,687,1,0,9/13/2024,,,,544
9887,3207,3262,688,1,0,9/13/2024,,,,544
9888,3207,3262,689,1,0,9/13/2024,,,,544
9889,3207,3262,690,1,0,9/13/2024,,,,544
9890,3207,3262,691,1,0,9/13/2024,,,,544
9891,3207,3262,692,1,0,9/13/2024,,,,544
9892,3207,3262,693,1,0,9/13/2024,,,,544
9893,3207,3262,842,1,0,9/13/2024,,,,544
9894,3207,3262,882,1,0,9/13/2024,,,,544
9895,3207,3262,952,1,0,9/13/2024,,,,544
9896,3208,3263,681,1,0,9/13/2024,,,,544
9897,3208,3263,682,1,0,9/13/2024,,,,544
9898,3208,3263,683,1,0,9/13/2024,,,,544
9899,3208,3263,684,1,0,9/13/2024,,,,544
9900,3208,3263,685,1,0,9/13/2024,,,,544
9901,3208,3263,686,1,0,9/13/2024,,,,544
9902,3208,3263,687,1,0,9/13/2024,,,,544
9903,3208,3263,688,1,0,9/13/2024,,,,544
9904,3208,3263,689,1,0,9/13/2024,,,,544
9905,3208,3263,690,1,0,9/13/2024,,,,544
9906,3208,3263,691,1,0,9/13/2024,,,,544
9907,3208,3263,692,1,0,9/13/2024,,,,544
9908,3208,3263,693,1,0,9/13/2024,,,,544
9909,3208,3263,694,1,0,9/13/2024,,,,544
9910,3208,3263,695,1,0,9/13/2024,,,,544
9911,3208,3263,696,1,0,9/13/2024,,,,544
9912,3208,3263,697,1,0,9/13/2024,,,,544
9913,3208,3264,681,1,0,9/13/2024,,,,544
9914,3208,3264,682,1,0,9/13/2024,,,,544
9915,3208,3264,683,1,0,9/13/2024,,,,544
9916,3208,3264,684,1,0,9/13/2024,,,,544
9917,3208,3264,685,1,0,9/13/2024,,,,544
9918,3208,3264,686,1,0,9/13/2024,,,,544
9919,3208,3264,687,1,0,9/13/2024,,,,544
9920,3208,3264,688,1,0,9/13/2024,,,,544
9921,3208,3264,689,1,0,9/13/2024,,,,544
9922,3208,3264,690,1,0,9/13/2024,,,,544
9923,3208,3264,691,1,0,9/13/2024,,,,544
9924,3208,3264,692,1,0,9/13/2024,,,,544
9925,3208,3264,693,1,0,9/13/2024,,,,544
9926,3208,3264,694,1,0,9/13/2024,,,,544
9927,3208,3264,695,1,0,9/13/2024,,,,544
9928,3208,3264,696,1,0,9/13/2024,,,,544
9929,3208,3264,697,1,0,9/13/2024,,,,544
9930,3208,3264,698,1,0,9/13/2024,,,,544
9931,3208,3264,699,1,0,9/13/2024,,,,544
9932,3208,3264,700,1,0,9/13/2024,,,,544
9933,3208,3264,701,1,0,9/13/2024,,,,544
9934,3208,3264,702,1,0,9/13/2024,,,,544
9935,3208,3264,703,1,0,9/13/2024,,,,544
9936,3208,3264,704,1,0,9/13/2024,,,,544
9937,3208,3264,705,1,0,9/13/2024,,,,544
9938,3208,3264,706,1,0,9/13/2024,,,,544
9939,3208,3264,707,1,0,9/13/2024,,,,544
9940,3208,3264,708,1,0,9/13/2024,,,,544
9941,3208,3264,709,1,0,9/13/2024,,,,544
9942,3208,3264,710,1,0,9/13/2024,,,,544
9943,3208,3264,711,1,0,9/13/2024,,,,544
9944,3208,3264,712,1,0,9/13/2024,,,,544
9945,3208,3264,1062,1,0,9/13/2024,,,,544
9946,3208,3265,681,1,0,9/13/2024,,,,544
9947,3208,3265,682,1,0,9/13/2024,,,,544
9948,3208,3265,683,1,0,9/13/2024,,,,544
9949,3208,3265,684,1,0,9/13/2024,,,,544
9950,3208,3265,685,1,0,9/13/2024,,,,544
9951,3208,3265,686,1,0,9/13/2024,,,,544
9952,3208,3265,687,1,0,9/13/2024,,,,544
9953,3208,3265,688,1,0,9/13/2024,,,,544
9954,3208,3265,689,1,0,9/13/2024,,,,544
9955,3208,3265,690,1,0,9/13/2024,,,,544
9956,3208,3265,691,1,0,9/13/2024,,,,544
9957,3208,3265,692,1,0,9/13/2024,,,,544
9958,3208,3265,693,1,0,9/13/2024,,,,544
9959,3209,3266,681,1,0,9/13/2024,,,,544
9960,3209,3266,682,1,0,9/13/2024,,,,544
9961,3209,3266,683,1,0,9/13/2024,,,,544
9962,3209,3266,684,1,0,9/13/2024,,,,544
9963,3209,3266,685,1,0,9/13/2024,,,,544
9964,3209,3266,686,1,0,9/13/2024,,,,544
9965,3209,3266,687,1,0,9/13/2024,,,,544
9966,3209,3266,688,1,0,9/13/2024,,,,544
9967,3209,3266,689,1,0,9/13/2024,,,,544
9968,3209,3266,690,1,0,9/13/2024,,,,544
9969,3209,3266,691,1,0,9/13/2024,,,,544
9970,3209,3266,692,1,0,9/13/2024,,,,544
9971,3209,3266,693,1,0,9/13/2024,,,,544
9972,3209,3266,771,1,0,9/13/2024,,,,544
9973,3209,3266,808,1,0,9/13/2024,,,,544
9974,3209,3266,812,1,0,9/13/2024,,,,544
9975,3209,3266,814,1,0,9/13/2024,,,,544
9976,3209,3266,820,1,0,9/13/2024,,,,544
9977,3209,3266,916,1,0,9/13/2024,,,,544
9978,3209,3266,922,1,0,9/13/2024,,,,544
9979,3209,3266,954,1,0,9/13/2024,,,,544
9980,3209,3266,958,1,0,9/13/2024,,,,544
9981,3209,3267,681,1,0,9/13/2024,,,,544
9982,3209,3267,682,1,0,9/13/2024,,,,544
9983,3209,3267,683,1,0,9/13/2024,,,,544
9984,3209,3267,684,1,0,9/13/2024,,,,544
9985,3209,3267,685,1,0,9/13/2024,,,,544
9986,3209,3267,686,1,0,9/13/2024,,,,544
9987,3209,3267,687,1,0,9/13/2024,,,,544
9988,3209,3267,688,1,0,9/13/2024,,,,544
9989,3209,3267,689,1,0,9/13/2024,,,,544
9990,3209,3267,690,1,0,9/13/2024,,,,544
9991,3209,3267,691,1,0,9/13/2024,,,,544
9992,3209,3267,692,1,0,9/13/2024,,,,544
9993,3209,3267,693,1,0,9/13/2024,,,,544
9994,3209,3267,694,1,0,9/13/2024,,,,544
9995,3209,3267,695,1,0,9/13/2024,,,,544
9996,3209,3267,696,1,0,9/13/2024,,,,544
9997,3209,3267,697,1,0,9/13/2024,,,,544
9998,3209,3267,698,1,0,9/13/2024,,,,544
9999,3209,3267,699,1,0,9/13/2024,,,,544
10000,3209,3267,700,1,0,9/13/2024,,,,544
10001,3209,3267,701,1,0,9/13/2024,,,,544
10002,3209,3267,702,1,0,9/13/2024,,,,544
10003,3209,3267,703,1,0,9/13/2024,,,,544
10004,3209,3267,704,1,0,9/13/2024,,,,544
10005,3209,3267,705,1,0,9/13/2024,,,,544
10006,3209,3267,706,1,0,9/13/2024,,,,544
10007,3209,3267,707,1,0,9/13/2024,,,,544
10008,3209,3267,708,1,0,9/13/2024,,,,544
10009,3209,3267,709,1,0,9/13/2024,,,,544
10010,3209,3267,710,1,0,9/13/2024,,,,544
10011,3209,3267,711,1,0,9/13/2024,,,,544
10012,3209,3267,712,1,0,9/13/2024,,,,544
10013,3209,3267,713,1,0,9/13/2024,,,,544
10014,3209,3267,714,1,0,9/13/2024,,,,544
10015,3209,3267,715,1,0,9/13/2024,,,,544
10016,3209,3267,716,1,0,9/13/2024,,,,544
10017,3209,3267,727,1,0,9/13/2024,,,,544
10018,3209,3267,735,1,0,9/13/2024,,,,544
10019,3209,3267,740,1,0,9/13/2024,,,,544
10020,3209,3267,742,1,0,9/13/2024,,,,544
10021,3209,3267,748,1,0,9/13/2024,,,,544
10022,3209,3267,754,1,0,9/13/2024,,,,544
10023,3209,3267,758,1,0,9/13/2024,,,,544
10024,3209,3267,764,1,0,9/13/2024,,,,544
10025,3209,3267,770,1,0,9/13/2024,,,,544
10026,3209,3267,778,1,0,9/13/2024,,,,544
10027,3209,3267,788,1,0,9/13/2024,,,,544
10028,3209,3267,789,1,0,9/13/2024,,,,544
10029,3209,3267,857,1,0,9/13/2024,,,,544
10030,3209,3267,872,1,0,9/13/2024,,,,544
10031,3209,3267,877,1,0,9/13/2024,,,,544
10032,3209,3267,883,1,0,9/13/2024,,,,544
10033,3209,3267,895,1,0,9/13/2024,,,,544
10034,3209,3267,912,1,0,9/13/2024,,,,544
10035,3209,3267,920,1,0,9/13/2024,,,,544
10036,3209,3267,926,1,0,9/13/2024,,,,544
10037,3209,3267,936,1,0,9/13/2024,,,,544
10038,3209,3267,938,1,0,9/13/2024,,,,544
10039,3209,3267,984,1,0,9/13/2024,,,,544
10040,3209,3267,1001,1,0,9/13/2024,,,,544
10041,3209,3267,1005,1,0,9/13/2024,,,,544
10042,3209,3267,1006,1,0,9/13/2024,,,,544
10043,3209,3267,1025,1,0,9/13/2024,,,,544
10044,3209,3267,1029,1,0,9/13/2024,,,,544
10045,3209,3267,1033,1,0,9/13/2024,,,,544
10046,3209,3267,1036,1,0,9/13/2024,,,,544
10047,3209,3268,681,1,0,9/13/2024,,,,544
10048,3209,3268,682,1,0,9/13/2024,,,,544
10049,3209,3268,683,1,0,9/13/2024,,,,544
10050,3209,3268,684,1,0,9/13/2024,,,,544
10051,3209,3268,685,1,0,9/13/2024,,,,544
10052,3209,3268,686,1,0,9/13/2024,,,,544
10053,3209,3268,687,1,0,9/13/2024,,,,544
10054,3209,3268,688,1,0,9/13/2024,,,,544
10055,3209,3268,689,1,0,9/13/2024,,,,544
10056,3209,3268,690,1,0,9/13/2024,,,,544
10057,3209,3268,691,1,0,9/13/2024,,,,544
10058,3209,3268,879,1,0,9/13/2024,,,,544
10059,3209,3269,681,1,0,9/13/2024,,,,544
10060,3209,3269,682,1,0,9/13/2024,,,,544
10061,3209,3269,683,1,0,9/13/2024,,,,544
10062,3209,3269,684,1,0,9/13/2024,,,,544
10063,3209,3269,685,1,0,9/13/2024,,,,544
10064,3209,3269,686,1,0,9/13/2024,,,,544
10065,3209,3269,687,1,0,9/13/2024,,,,544
10066,3209,3269,688,1,0,9/13/2024,,,,544
10067,3209,3269,689,1,0,9/13/2024,,,,544
10068,3209,3269,690,1,0,9/13/2024,,,,544
10069,3209,3269,691,1,0,9/13/2024,,,,544
10070,3209,3269,692,1,0,9/13/2024,,,,544
10071,3209,3269,693,1,0,9/13/2024,,,,544
10072,3209,3269,694,1,0,9/13/2024,,,,544
10073,3209,3269,695,1,0,9/13/2024,,,,544
10074,3209,3269,696,1,0,9/13/2024,,,,544
10075,3209,3269,697,1,0,9/13/2024,,,,544
10076,3209,3269,698,1,0,9/13/2024,,,,544
10077,3209,3269,699,1,0,9/13/2024,,,,544
10078,3209,3269,700,1,0,9/13/2024,,,,544
10079,3209,3269,701,1,0,9/13/2024,,,,544
10080,3209,3269,966,1,0,9/13/2024,,,,544
10081,3209,3269,967,1,0,9/13/2024,,,,544
10082,3209,3269,976,1,0,9/13/2024,,,,544
10083,3209,3269,979,1,0,9/13/2024,,,,544
10084,3209,3269,980,1,0,9/13/2024,,,,544
10085,3209,3269,988,1,0,9/13/2024,,,,544
10086,3209,3269,990,1,0,9/13/2024,,,,544
10087,3209,3269,991,1,0,9/13/2024,,,,544
10088,3209,3269,993,1,0,9/13/2024,,,,544
10089,3209,3269,994,1,0,9/13/2024,,,,544
10090,3209,3269,995,1,0,9/13/2024,,,,544
10091,3209,3269,999,1,0,9/13/2024,,,,544
10092,3209,3270,724,1,0,9/13/2024,,,,544
10093,3209,3270,726,1,0,9/13/2024,,,,544
10094,3209,3270,732,1,0,9/13/2024,,,,544
10095,3209,3270,736,1,0,9/13/2024,,,,544
10096,3209,3270,760,1,0,9/13/2024,,,,544
10097,3209,3270,793,1,0,9/13/2024,,,,544
10098,3209,3270,794,1,0,9/13/2024,,,,544
10099,3209,3270,800,1,0,9/13/2024,,,,544
10100,3209,3270,807,1,0,9/13/2024,,,,544
10101,3209,3270,810,1,0,9/13/2024,,,,544
10102,3209,3270,815,1,0,9/13/2024,,,,544
10103,3209,3270,818,1,0,9/13/2024,,,,544
10104,3209,3270,826,1,0,9/13/2024,,,,544
10105,3209,3270,827,1,0,9/13/2024,,,,544
10106,3209,3270,831,1,0,9/13/2024,,,,544
10107,3209,3270,834,1,0,9/13/2024,,,,544
10108,3209,3270,837,1,0,9/13/2024,,,,544
10109,3209,3270,840,1,0,9/13/2024,,,,544
10110,3209,3270,843,1,0,9/13/2024,,,,544
10111,3209,3270,844,1,0,9/13/2024,,,,544
10112,3209,3270,849,1,0,9/13/2024,,,,544
10113,3209,3270,854,1,0,9/13/2024,,,,544
10114,3209,3270,867,1,0,9/13/2024,,,,544
10115,3209,3270,888,1,0,9/13/2024,,,,544
10116,3209,3270,904,1,0,9/13/2024,,,,544
10117,3209,3270,907,1,0,9/13/2024,,,,544
10118,3209,3270,943,1,0,9/13/2024,,,,544
10119,3209,3270,951,1,0,9/13/2024,,,,544
10120,3209,3270,956,1,0,9/13/2024,,,,544
10121,3209,3270,1002,1,0,9/13/2024,,,,544
10122,3209,3270,1003,1,0,9/13/2024,,,,544
10123,3210,3271,681,1,0,9/13/2024,,,,544
10124,3210,3271,682,1,0,9/13/2024,,,,544
10125,3210,3271,683,1,0,9/13/2024,,,,544
10126,3210,3271,684,1,0,9/13/2024,,,,544
10127,3210,3271,685,1,0,9/13/2024,,,,544
10128,3210,3271,686,1,0,9/13/2024,,,,544
10129,3210,3271,687,1,0,9/13/2024,,,,544
10130,3210,3271,688,1,0,9/13/2024,,,,544
10131,3210,3271,689,1,0,9/13/2024,,,,544
10132,3210,3271,690,1,0,9/13/2024,,,,544
10133,3210,3271,691,1,0,9/13/2024,,,,544
10134,3210,3271,692,1,0,9/13/2024,,,,544
10135,3210,3271,693,1,0,9/13/2024,,,,544
10136,3210,3271,694,1,0,9/13/2024,,,,544
10137,3210,3271,695,1,0,9/13/2024,,,,544
10138,3210,3271,914,1,0,9/13/2024,,,,544
10139,3210,3272,681,1,0,9/13/2024,,,,544
10140,3210,3272,682,1,0,9/13/2024,,,,544
10141,3210,3272,683,1,0,9/13/2024,,,,544
10142,3210,3272,684,1,0,9/13/2024,,,,544
10143,3210,3272,685,1,0,9/13/2024,,,,544
10144,3210,3272,686,1,0,9/13/2024,,,,544
10145,3210,3272,687,1,0,9/13/2024,,,,544
10146,3210,3272,688,1,0,9/13/2024,,,,544
10147,3210,3272,689,1,0,9/13/2024,,,,544
10148,3210,3272,690,1,0,9/13/2024,,,,544
10149,3210,3272,691,1,0,9/13/2024,,,,544
10150,3210,3272,692,1,0,9/13/2024,,,,544
10151,3210,3272,693,1,0,9/13/2024,,,,544
10152,3210,3272,790,1,0,9/13/2024,,,,544
10153,3210,3272,821,1,0,9/13/2024,,,,544
10154,3210,3273,681,1,0,9/13/2024,,,,544
10155,3210,3273,682,1,0,9/13/2024,,,,544
10156,3210,3273,683,1,0,9/13/2024,,,,544
10157,3210,3273,684,1,0,9/13/2024,,,,544
10158,3210,3273,685,1,0,9/13/2024,,,,544
10159,3210,3273,686,1,0,9/13/2024,,,,544
10160,3210,3273,687,1,0,9/13/2024,,,,544
10161,3210,3273,688,1,0,9/13/2024,,,,544
10162,3210,3273,689,1,0,9/13/2024,,,,544
10163,3210,3273,690,1,0,9/13/2024,,,,544
10164,3210,3273,691,1,0,9/13/2024,,,,544
10165,3210,3273,692,1,0,9/13/2024,,,,544
10166,3210,3273,693,1,0,9/13/2024,,,,544
10167,3210,3273,694,1,0,9/13/2024,,,,544
10168,3210,3273,695,1,0,9/13/2024,,,,544
10169,3210,3274,681,1,0,9/13/2024,,,,544
10170,3210,3274,682,1,0,9/13/2024,,,,544
10171,3210,3274,683,1,0,9/13/2024,,,,544
10172,3210,3274,684,1,0,9/13/2024,,,,544
10173,3210,3274,685,1,0,9/13/2024,,,,544
10174,3210,3274,686,1,0,9/13/2024,,,,544
10175,3210,3274,687,1,0,9/13/2024,,,,544
10176,3210,3274,688,1,0,9/13/2024,,,,544
10177,3210,3274,689,1,0,9/13/2024,,,,544
10178,3210,3274,690,1,0,9/13/2024,,,,544
10179,3210,3274,691,1,0,9/13/2024,,,,544
10180,3210,3274,692,1,0,9/13/2024,,,,544
10181,3210,3274,693,1,0,9/13/2024,,,,544
10182,3210,3274,694,1,0,9/13/2024,,,,544
10183,3210,3274,695,1,0,9/13/2024,,,,544
10184,3210,3274,813,1,0,9/13/2024,,,,544
10185,3210,3274,982,1,0,9/13/2024,,,,544
10186,3210,3274,983,1,0,9/13/2024,,,,544
10187,3210,3274,986,1,0,9/13/2024,,,,544
10188,3210,3274,989,1,0,9/13/2024,,,,544
10189,3211,3275,681,1,0,9/13/2024,,,,544
10190,3211,3275,682,1,0,9/13/2024,,,,544
10191,3211,3275,683,1,0,9/13/2024,,,,544
10192,3211,3275,684,1,0,9/13/2024,,,,544
10193,3211,3275,685,1,0,9/13/2024,,,,544
10194,3211,3275,686,1,0,9/13/2024,,,,544
10195,3211,3275,687,1,0,9/13/2024,,,,544
10196,3211,3275,688,1,0,9/13/2024,,,,544
10197,3211,3275,689,1,0,9/13/2024,,,,544
10198,3211,3275,690,1,0,9/13/2024,,,,544
10199,3211,3275,691,1,0,9/13/2024,,,,544
10200,3211,3275,692,1,0,9/13/2024,,,,544
10201,3211,3275,693,1,0,9/13/2024,,,,544
10202,3211,3275,694,1,0,9/13/2024,,,,544
10203,3211,3275,695,1,0,9/13/2024,,,,544
10204,3211,3275,696,1,0,9/13/2024,,,,544
10205,3211,3275,697,1,0,9/13/2024,,,,544
10206,3211,3275,698,1,0,9/13/2024,,,,544
10207,3211,3275,699,1,0,9/13/2024,,,,544
10208,3211,3275,700,1,0,9/13/2024,,,,544
10209,3211,3275,701,1,0,9/13/2024,,,,544
10210,3211,3275,702,1,0,9/13/2024,,,,544
10211,3211,3275,703,1,0,9/13/2024,,,,544
10212,3211,3275,704,1,0,9/13/2024,,,,544
10213,3211,3275,705,1,0,9/13/2024,,,,544
10214,3211,3275,706,1,0,9/13/2024,,,,544
10215,3211,3275,707,1,0,9/13/2024,,,,544
10216,3211,3275,708,1,0,9/13/2024,,,,544
10217,3211,3275,709,1,0,9/13/2024,,,,544
10218,3211,3275,710,1,0,9/13/2024,,,,544
10219,3211,3275,711,1,0,9/13/2024,,,,544
10220,3211,3275,712,1,0,9/13/2024,,,,544
10221,3211,3275,713,1,0,9/13/2024,,,,544
10222,3211,3275,714,1,0,9/13/2024,,,,544
10223,3211,3275,715,1,0,9/13/2024,,,,544
10224,3211,3275,716,1,0,9/13/2024,,,,544
10225,3211,3275,717,1,0,9/13/2024,,,,544
10226,3211,3275,718,1,0,9/13/2024,,,,544
10227,3211,3275,719,1,0,9/13/2024,,,,544
10228,3211,3275,720,1,0,9/13/2024,,,,544
10229,3211,3275,722,1,0,9/13/2024,,,,544
10230,3211,3275,725,1,0,9/13/2024,,,,544
10231,3211,3275,730,1,0,9/13/2024,,,,544
10232,3211,3275,731,1,0,9/13/2024,,,,544
10233,3211,3275,741,1,0,9/13/2024,,,,544
10234,3211,3275,744,1,0,9/13/2024,,,,544
10235,3211,3275,773,1,0,9/13/2024,,,,544
10236,3211,3275,776,1,0,9/13/2024,,,,544
10237,3211,3275,779,1,0,9/13/2024,,,,544
10238,3211,3275,785,1,0,9/13/2024,,,,544
10239,3211,3275,792,1,0,9/13/2024,,,,544
10240,3211,3275,796,1,0,9/13/2024,,,,544
10241,3211,3275,801,1,0,9/13/2024,,,,544
10242,3211,3275,803,1,0,9/13/2024,,,,544
10243,3211,3275,811,1,0,9/13/2024,,,,544
10244,3211,3275,822,1,0,9/13/2024,,,,544
10245,3211,3275,823,1,0,9/13/2024,,,,544
10246,3211,3275,828,1,0,9/13/2024,,,,544
10247,3211,3275,830,1,0,9/13/2024,,,,544
10248,3211,3275,833,1,0,9/13/2024,,,,544
10249,3211,3275,886,1,0,9/13/2024,,,,544
10250,3211,3275,893,1,0,9/13/2024,,,,544
10251,3211,3275,927,1,0,9/13/2024,,,,544
10252,3211,3275,932,1,0,9/13/2024,,,,544
10253,3211,3275,941,1,0,9/13/2024,,,,544
10254,3212,3276,681,1,0,9/13/2024,,,,544
10255,3212,3276,682,1,0,9/13/2024,,,,544
10256,3212,3276,683,1,0,9/13/2024,,,,544
10257,3212,3276,684,1,0,9/13/2024,,,,544
10258,3212,3276,685,1,0,9/13/2024,,,,544
10259,3212,3276,686,1,0,9/13/2024,,,,544
10260,3212,3276,687,1,0,9/13/2024,,,,544
10261,3212,3276,688,1,0,9/13/2024,,,,544
10262,3212,3276,689,1,0,9/13/2024,,,,544
10263,3212,3276,690,1,0,9/13/2024,,,,544
10264,3212,3276,691,1,0,9/13/2024,,,,544
10265,3212,3276,692,1,0,9/13/2024,,,,544
10266,3212,3276,693,1,0,9/13/2024,,,,544
10267,3212,3276,694,1,0,9/13/2024,,,,544
10268,3212,3276,695,1,0,9/13/2024,,,,544
10269,3212,3276,696,1,0,9/13/2024,,,,544
10270,3212,3276,697,1,0,9/13/2024,,,,544
10271,3212,3276,698,1,0,9/13/2024,,,,544
10272,3212,3276,699,1,0,9/13/2024,,,,544
10273,3212,3276,700,1,0,9/13/2024,,,,544
10274,3212,3276,701,1,0,9/13/2024,,,,544
10275,3212,3276,702,1,0,9/13/2024,,,,544
10276,3212,3276,703,1,0,9/13/2024,,,,544
10277,3212,3276,704,1,0,9/13/2024,,,,544
10278,3212,3276,705,1,0,9/13/2024,,,,544
10279,3212,3276,706,1,0,9/13/2024,,,,544
10280,3212,3276,707,1,0,9/13/2024,,,,544
10281,3212,3276,708,1,0,9/13/2024,,,,544
10282,3212,3276,709,1,0,9/13/2024,,,,544
10283,3212,3276,710,1,0,9/13/2024,,,,544
10284,3212,3276,711,1,0,9/13/2024,,,,544
10285,3212,3276,759,1,0,9/13/2024,,,,544
10286,3212,3276,768,1,0,9/13/2024,,,,544
10287,3212,3276,774,1,0,9/13/2024,,,,544
10288,3212,3276,835,1,0,9/13/2024,,,,544
10289,3212,3276,898,1,0,9/13/2024,,,,544
10290,3212,3276,921,1,0,9/13/2024,,,,544
10291,3212,3276,928,1,0,9/13/2024,,,,544
10292,3212,3276,939,1,0,9/13/2024,,,,544
10293,3212,3276,942,1,0,9/13/2024,,,,544
10294,3212,3276,947,1,0,9/13/2024,,,,544
10295,3212,3276,973,1,0,9/13/2024,,,,544
10296,3212,3277,681,1,0,9/13/2024,,,,544
10297,3212,3277,682,1,0,9/13/2024,,,,544
10298,3212,3277,683,1,0,9/13/2024,,,,544
10299,3212,3277,684,1,0,9/13/2024,,,,544
10300,3212,3277,685,1,0,9/13/2024,,,,544
10301,3212,3277,686,1,0,9/13/2024,,,,544
10302,3212,3277,687,1,0,9/13/2024,,,,544
10303,3212,3277,688,1,0,9/13/2024,,,,544
10304,3212,3277,689,1,0,9/13/2024,,,,544
10305,3212,3277,690,1,0,9/13/2024,,,,544
10306,3212,3277,691,1,0,9/13/2024,,,,544
10307,3212,3277,692,1,0,9/13/2024,,,,544
10308,3212,3277,693,1,0,9/13/2024,,,,544
10309,3212,3277,694,1,0,9/13/2024,,,,544
10310,3212,3278,681,1,0,9/13/2024,,,,544
10311,3212,3278,682,1,0,9/13/2024,,,,544
10312,3212,3278,683,1,0,9/13/2024,,,,544
10313,3212,3278,684,1,0,9/13/2024,,,,544
10314,3212,3278,685,1,0,9/13/2024,,,,544
10315,3212,3278,686,1,0,9/13/2024,,,,544
10316,3212,3278,687,1,0,9/13/2024,,,,544
10317,3212,3278,688,1,0,9/13/2024,,,,544
10318,3212,3278,689,1,0,9/13/2024,,,,544
10319,3212,3278,690,1,0,9/13/2024,,,,544
10320,3212,3278,691,1,0,9/13/2024,,,,544
10321,3212,3278,692,1,0,9/13/2024,,,,544
10322,3212,3278,693,1,0,9/13/2024,,,,544
10323,3212,3278,694,1,0,9/13/2024,,,,544
10324,3212,3278,695,1,0,9/13/2024,,,,544
10325,3212,3278,696,1,0,9/13/2024,,,,544
10326,3212,3278,697,1,0,9/13/2024,,,,544
10327,3212,3278,698,1,0,9/13/2024,,,,544
10328,3212,3278,699,1,0,9/13/2024,,,,544
10329,3212,3278,700,1,0,9/13/2024,,,,544
10330,3212,3278,701,1,0,9/13/2024,,,,544
10331,3212,3278,841,1,0,9/13/2024,,,,544
10332,3213,3279,681,1,0,9/13/2024,,,,544
10333,3213,3279,682,1,0,9/13/2024,,,,544
10334,3213,3279,683,1,0,9/13/2024,,,,544
10335,3213,3279,684,1,0,9/13/2024,,,,544
10336,3213,3279,685,1,0,9/13/2024,,,,544
10337,3213,3279,686,1,0,9/13/2024,,,,544
10338,3213,3279,687,1,0,9/13/2024,,,,544
10339,3213,3279,688,1,0,9/13/2024,,,,544
10340,3213,3279,689,1,0,9/13/2024,,,,544
10341,3213,3279,690,1,0,9/13/2024,,,,544
10342,3213,3279,691,1,0,9/13/2024,,,,544
10343,3213,3279,692,1,0,9/13/2024,,,,544
10344,3213,3279,693,1,0,9/13/2024,,,,544
10345,3213,3279,694,1,0,9/13/2024,,,,544
10346,3213,3279,695,1,0,9/13/2024,,,,544
10347,3213,3279,696,1,0,9/13/2024,,,,544
10348,3213,3279,697,1,0,9/13/2024,,,,544
10349,3213,3279,698,1,0,9/13/2024,,,,544
10350,3213,3279,699,1,0,9/13/2024,,,,544
10351,3213,3279,700,1,0,9/13/2024,,,,544
10352,3213,3279,701,1,0,9/13/2024,,,,544
10353,3213,3279,733,1,0,9/13/2024,,,,544
10354,3213,3279,909,1,0,9/13/2024,,,,544
10479,3192,3193,1078,1,0,10/25/2024,,,,544
10480,3192,3193,1079,1,0,10/25/2024,,,,544
