"id","document_code","scheme","title","district_id","district_name","location_label","sector_label","total_plots","original_file_name","file_path","published_date","sort_order","IsActive","IsDeleted","CreatedDate","CreatedBy","ModifiedDate","ModifiedBy"
"1","1A","MMSAY","Charkhi Dadri - Sector 8","299","CHARKHI-DADRI","Charkhi Dadri","Sector 8","425","1A Charki Dadri_Sector 8_Plots 425.pdf","draw_documents/1A Charki Dadri_Sector 8_Plots 425.pdf",NULL,"10","1","0","2026-08-10 10:37:44",NULL,NULL,NULL
"2","1B","MMSAY","Charkhi Dadri - Sector 9","299","CHARKHI-DADRI","Charkhi Dadri","Sector 9","512","1B Charki Dadri_Sector 9_Plots 512.pdf","draw_documents/1B Charki Dadri_Sector 9_Plots 512.pdf",NULL,"20","1","0","2026-08-10 10:37:44",NULL,NULL,NULL
"3","1C","MMSAY","Charkhi Dadri - Sector 1B","299","CHARKHI-DADRI","Charkhi Dadri","Sector 1B","487","1C Charki Dadri_Sector 1B_Plots 487.pdf","draw_documents/1C Charki Dadri_Sector 1B_Plots 487.pdf",NULL,"30","1","0","2026-08-10 10:37:44",NULL,NULL,NULL
"4","2","MMSAY","Gohana - Sector 16","285","SONIPAT","Gohana","Sector 16","369","2 Gohana_sector 16_Plots 369.pdf","draw_documents/2 Gohana_sector 16_Plots 369.pdf",NULL,"40","1","0","2026-08-10 10:37:44",NULL,NULL,NULL
"5","3","MMSAY","Sirsa - Sector 20","288","SIRSA","Sirsa","Sector 20","963","3 Sirsa_sector 20_Plots 963.pdf","draw_documents/3 Sirsa_sector 20_Plots 963.pdf",NULL,"50","1","0","2026-08-10 10:37:44",NULL,NULL,NULL
"6","4A","MMSAY","Jhajjar - Sector 9 (List A)","292","JHAJJAR","Jhajjar","Sector 9","280","4A Jhajjar_Sector 9_plots 280.pdf","draw_documents/4A Jhajjar_Sector 9_plots 280.pdf",NULL,"60","1","0","2026-08-10 10:37:44",NULL,NULL,NULL
"7","4B","MMSAY","Jhajjar - Sector 9 (List B)","292","JHAJJAR","Jhajjar","Sector 9","111","4B Jhajjar_Sector 9_plots 111.pdf","draw_documents/4B Jhajjar_Sector 9_plots 111.pdf",NULL,"70","1","0","2026-08-10 10:37:44",NULL,NULL,NULL
"8","4C","MMSAY","Jhajjar - Sector 9 (List C)","292","JHAJJAR","Jhajjar","Sector 9","304","4C Jhajjar_Sector 9_plots 304.pdf","draw_documents/4C Jhajjar_Sector 9_plots 304.pdf",NULL,"80","1","0","2026-08-10 10:37:44",NULL,NULL,NULL
"9","4D","MMSAY","Jhajjar - Sector 9 (List D)","292","JHAJJAR","Jhajjar","Sector 9","149","4D Jhajjar_Sector 9_plots 149.pdf","draw_documents/4D Jhajjar_Sector 9_plots 149.pdf",NULL,"90","1","0","2026-08-10 10:37:44",NULL,NULL,NULL
"10","4E","MMSAY","Jhajjar - Sector 6 (List E)","292","JHAJJAR","Jhajjar","Sector 6","478","4E Jhajjar_Sector 6_plots 478.pdf","draw_documents/4E Jhajjar_Sector 6_plots 478.pdf",NULL,"100","1","0","2026-08-10 10:37:44",NULL,NULL,NULL
"11","4F","MMSAY","Jhajjar - Sector 6 (List F)","292","JHAJJAR","Jhajjar","Sector 6","48","4F Jhajjar_Sector 6_plots 48.pdf","draw_documents/4F Jhajjar_Sector 6_plots 48.pdf",NULL,"110","1","0","2026-08-10 10:37:44",NULL,NULL,NULL
"12","4G","MMSAY","Jhajjar - Sector 6 (List G)","292","JHAJJAR","Jhajjar","Sector 6","47","4G Jhajjar_Sector 6_plots 47.pdf","draw_documents/4G Jhajjar_Sector 6_plots 47.pdf",NULL,"120","1","0","2026-08-10 10:37:44",NULL,NULL,NULL
"13","5","MMSAY","Fatehabad - Sector 9","287","FATEHABAD","Fatehabad","Sector 9","1236","5 Fatehbad_sector 9_plots 1236.pdf","draw_documents/5 Fatehbad_sector 9_plots 1236.pdf",NULL,"130","1","0","2026-08-10 10:37:44",NULL,NULL,NULL
"14","6A","MMSAY","Jagadhri - Sector 22 (List A)","280","YAMUNANAGAR","Jagadhri","Sector 22","145","6A Jagadri_sector 22_plots 145.pdf","draw_documents/6A Jagadri_sector 22_plots 145.pdf",NULL,"140","1","0","2026-08-10 10:37:44",NULL,NULL,NULL
"15","6B","MMSAY","Jagadhri - Sector 22 (List B)","280","YAMUNANAGAR","Jagadhri","Sector 22","774","6B Jagadri_sector 22_plots 774.pdf","draw_documents/6B Jagadri_sector 22_plots 774.pdf",NULL,"150","1","0","2026-08-10 10:37:44",NULL,NULL,NULL
"16","6D","MMSAY","Jagadhri - Sector 24","280","YAMUNANAGAR","Jagadhri","Sector 24","62","6D Jagadri_sector 24_plots 62.pdf","draw_documents/6D Jagadri_sector 24_plots 62.pdf",NULL,"160","1","0","2026-08-10 10:37:44",NULL,NULL,NULL
"17","6X","MMSAY","Jagadhri Draw List","280","YAMUNANAGAR","Jagadhri",NULL,NULL,"jagadhri.pdf","draw_documents/jagadhri.pdf",NULL,"170","1","0","2026-08-10 10:37:44",NULL,"2026-08-10 11:39:10",NULL
"18","8A","MMSAY","Pinjore - Sector 28 (List A)","278","PANCHKULA","Pinjore","Sector 28","212","8A Pinjore_sector 28_plots 212.pdf","draw_documents/8A Pinjore_sector 28_plots 212.pdf",NULL,"180","1","0","2026-08-10 10:37:44",NULL,NULL,NULL
"19","8C","MMSAY","Pinjore - Sector 28 (List C)","278","PANCHKULA","Pinjore","Sector 28","233","8C Pinjore_sector 28_plots 233.pdf","draw_documents/8C Pinjore_sector 28_plots 233.pdf",NULL,"190","1","0","2026-08-10 10:37:44",NULL,NULL,NULL
"20","8X","MMSAY","Pinjore - Sector 28 Draw List","278","PANCHKULA","Pinjore","Sector 28",NULL,"pinjore sector 28.pdf","draw_documents/pinjore sector 28.pdf",NULL,"200","1","0","2026-08-10 10:37:44",NULL,NULL,NULL
"21","9","MMSAY","Rohtak - Sector 5","291","ROHTAK","Rohtak","Sector 5","365","9 Rothak_Sector 5_plots 365.pdf","draw_documents/9 Rothak_Sector 5_plots 365.pdf",NULL,"210","1","0","2026-08-10 10:37:44",NULL,"2026-08-10 11:39:56",NULL
"22","10A","MMSAY","Rewari - Sector 19 (List A)","294","REWARI","Rewari","Sector 19","137","10 A Rewari_sector 19_Plots 137.pdf","draw_documents/10 A Rewari_sector 19_Plots 137.pdf",NULL,"220","1","0","2026-08-10 10:37:44",NULL,NULL,NULL
"23","10B","MMSAY","Rewari - Sector 19 (List B)","294","REWARI","Rewari","Sector 19","88","10B Rewari_sector 19_plots 88.pdf","draw_documents/10B Rewari_sector 19_plots 88.pdf",NULL,"230","1","0","2026-08-10 10:37:44",NULL,NULL,NULL
"24","10C","MMSAY","Rewari - Sector 18","294","REWARI","Rewari","Sector 18","174","10 C Rewari_sector 18_Plots 174.pdf","draw_documents/10 C Rewari_sector 18_Plots 174.pdf",NULL,"240","1","0","2026-08-10 10:37:44",NULL,NULL,NULL
"25","11A","MMSAY","Mahendergarh - Sectors 9 and 10 (List A)","293","MAHENDERGARH","Mahendergarh","Sectors 9 & 10","32","11A Mohindergadh_sector 9& 10_plots 32.pdf","draw_documents/11A Mohindergadh_sector 9& 10_plots 32.pdf",NULL,"250","1","0","2026-08-10 10:37:44",NULL,"2026-08-10 11:42:11",NULL
"26","11B","MMSAY","Mahendergarh - Sectors 9 and 10 (List B)","293","MAHENDERGARH","Mahendergarh","Sectors 9 & 10","224","11B Mohindergadh_sector 9& 10_plots 224.pdf","draw_documents/11B Mohindergadh_sector 9& 10_plots 224.pdf",NULL,"260","1","0","2026-08-10 10:37:44",NULL,"2026-08-10 11:42:39",NULL
"27","11C","MMSAY","Mahendergarh - Sectors 9 and 10 (List C)","293","MAHENDERGARH","Mahendergarh","Sectors 9 & 10","370","11C Mohindergadh_Sector 9 & 10_plots 370.pdf","draw_documents/11C Mohindergadh_Sector 9 & 10_plots 370.pdf",NULL,"270","1","0","2026-08-10 10:37:44",NULL,"2026-08-10 11:43:12",NULL
"28","13","MMSAY","Agwanpur Palwal Draw List","298","PALWAL","Agwanpur Palwal",NULL,"515","13 Agwanpur_Palwal_Plots 515.pdf","draw_documents/13 Agwanpur_Palwal_Plots 515.pdf",NULL,"280","1","0","2026-08-10 10:37:44",NULL,NULL,NULL
"29","JIND-1","MMSAY","Julana Draw List","286","JIND","Julana",NULL,NULL,"julana distt jind.pdf","draw_documents/julana distt jind.pdf",NULL,"290","1","0","2026-08-10 10:37:44",NULL,NULL,NULL
"30","JIND-2","MMSAY","Safidon - Sector 8 Draw List","286","JIND","Safidon","Sector 8",NULL,"sector 8 safidon.pdf","draw_documents/sector 8 safidon.pdf",NULL,"300","1","0","2026-08-10 10:37:44",NULL,NULL,NULL
"31","KARNAL-1","MMSAY","Karnal - Sectors 2 and 32 Draw List","283","KARNAL","Karnal","Sectors 2 & 32",NULL,"karnal sector 2 and 32.pdf","draw_documents/karnal sector 2 and 32.pdf",NULL,"310","1","0","2026-08-10 10:37:44",NULL,NULL,NULL
